{"base_lr": 0.0002, "lr": 2e-05, "data_time": 0.014692182540893555, "grad_norm": 475.46968017578126, "loss": 107.73672294616699, "loss_cls": 2.402537667751312, "loss_bbox": 0.25036001324653623, "loss_iou": 0.301962917894125, "d0.loss_cls": 2.262033486366272, "d0.loss_bbox": 0.46626157537102697, "d0.loss_iou": 0.5427768196165562, "d1.loss_cls": 2.246198865175247, "d1.loss_bbox": 0.30341403391212224, "d1.loss_iou": 0.3689870997518301, "d2.loss_cls": 2.194165712594986, "d2.loss_bbox": 0.28639955310150983, "d2.loss_iou": 0.3305366876348853, "d3.loss_cls": 2.279660178422928, "d3.loss_bbox": 0.25423002395778893, "d3.loss_iou": 0.30862144637852906, "d4.loss_cls": 2.3500883305072784, "d4.loss_bbox": 0.25170286556705834, "d4.loss_iou": 0.3043194592185319, "enc_loss_cls": 0.9356965735554695, "enc_loss_bbox": 0.989096713066101, "enc_loss_iou": 0.9955265122652054, "dn_loss_cls": 1.6782462251186372, "dn_loss_bbox": 0.5710088028013707, "dn_loss_iou": 0.44719737134873866, "d0.dn_loss_cls": 1.1225523215532303, "d0.dn_loss_bbox": 1.0712240105867386, "d0.dn_loss_iou": 0.8820517325401306, "d1.dn_loss_cls": 1.5354854822158814, "d1.dn_loss_bbox": 0.70696453332901, "d1.dn_loss_iou": 0.5766628178954124, "d2.dn_loss_cls": 1.6680222076177598, "d2.dn_loss_bbox": 0.5982805220782756, "d2.dn_loss_iou": 0.47982977584004405, "d3.dn_loss_cls": 1.6738255870342256, "d3.dn_loss_bbox": 0.5711771116405725, "d3.dn_loss_iou": 0.44723220184445384, "d4.dn_loss_cls": 1.6650183963775635, "d4.dn_loss_bbox": 0.5707990155369044, "d4.dn_loss_iou": 0.4467224909365177, "loss_rpn_cls": 0.20443506814423018, "loss_rpn_bbox": 0.0803976145805791, "loss_cls0": 10.58057110786438, "acc0": 95.703125, "loss_bbox0": 4.272670008540153, "loss_cls1": 13.383100662231445, "loss_bbox1": 3.128124316930771, "loss_centerness1": 7.1225728416442875, "loss_cls_aux0": 2.2162732988595963, "loss_bbox_aux0": 0.1335406782850623, "loss_iou_aux0": 0.13860843796283007, "d0.loss_cls_aux0": 2.5530351054668428, "d0.loss_bbox_aux0": 0.28712875589728354, "d0.loss_iou_aux0": 0.26880616545677183, "d1.loss_cls_aux0": 2.2610928022861483, "d1.loss_bbox_aux0": 0.18340150889009238, "d1.loss_iou_aux0": 0.1837235253304243, "d2.loss_cls_aux0": 2.3091736817359925, "d2.loss_bbox_aux0": 0.14385032590478658, "d2.loss_iou_aux0": 0.14881261318922043, "d3.loss_cls_aux0": 2.2640499299764634, "d3.loss_bbox_aux0": 0.13354307996109127, "d3.loss_iou_aux0": 0.13801365926861764, "d4.loss_cls_aux0": 2.2278025048971175, "d4.loss_bbox_aux0": 0.13303852127864957, "d4.loss_iou_aux0": 0.13775227446109056, "loss_cls_aux1": 2.1722382724285128, "loss_bbox_aux1": 0.15892581317573787, "loss_iou_aux1": 0.15816294383257629, "d0.loss_cls_aux1": 2.3310878121852876, "d0.loss_bbox_aux1": 0.3498284235596657, "d0.loss_iou_aux1": 0.32097563579678534, "d1.loss_cls_aux1": 2.2322518169879912, "d1.loss_bbox_aux1": 0.20723212560638785, "d1.loss_iou_aux1": 0.19962835367769002, "d2.loss_cls_aux1": 2.2432494807243346, "d2.loss_bbox_aux1": 0.1733728202432394, "d2.loss_iou_aux1": 0.16532446764409542, "d3.loss_cls_aux1": 2.244005787372589, "d3.loss_bbox_aux1": 0.1599800630658865, "d3.loss_iou_aux1": 0.1572347456589341, "d4.loss_cls_aux1": 2.1771387779712676, "d4.loss_bbox_aux1": 0.1586786250770092, "d4.loss_iou_aux1": 0.15701426431536675, "time": 2.595059986114502, "epoch": 1, "iter": 50, "memory": 24457, "step": 50}
