{"base_lr": 0.0002, "lr": 2e-05, "data_time": 0.014808645248413086, "grad_norm": 413.47063079833987, "loss": 109.4670541381836, "loss_cls": 2.271491122841835, "loss_bbox": 0.3954465181194246, "loss_iou": 0.41051561884582044, "d0.loss_cls": 1.9313278505206108, "d0.loss_bbox": 0.5392006004601717, "d0.loss_iou": 0.6099042015522719, "d1.loss_cls": 2.015151195526123, "d1.loss_bbox": 0.4331957285106182, "d1.loss_iou": 0.48040267650038004, "d2.loss_cls": 2.07498804628849, "d2.loss_bbox": 0.40319008244201543, "d2.loss_iou": 0.4385703007504344, "d3.loss_cls": 2.0967379570007325, "d3.loss_bbox": 0.40415707752108576, "d3.loss_iou": 0.4270226762071252, "d4.loss_cls": 2.1600438237190245, "d4.loss_bbox": 0.3966517093032598, "d4.loss_iou": 0.42542294930666685, "enc_loss_cls": 1.4809237098693848, "enc_loss_bbox": 0.7867726686596871, "enc_loss_iou": 0.8401936769485474, "dn_loss_cls": 1.5444772452116013, "dn_loss_bbox": 0.6695452979207039, "dn_loss_iou": 0.5284160943329335, "d0.dn_loss_cls": 0.9808836942911148, "d0.dn_loss_bbox": 1.1074052035808564, "d0.dn_loss_iou": 0.9095890855789185, "d1.dn_loss_cls": 1.46428759932518, "d1.dn_loss_bbox": 0.8128058034181594, "d1.dn_loss_iou": 0.6618174606561661, "d2.dn_loss_cls": 1.527631618976593, "d2.dn_loss_bbox": 0.7046767216920853, "d2.dn_loss_iou": 0.571935438811779, "d3.dn_loss_cls": 1.565403750538826, "d3.dn_loss_bbox": 0.6713907707482576, "d3.dn_loss_iou": 0.5303384120762348, "d4.dn_loss_cls": 1.579116448163986, "d4.dn_loss_bbox": 0.6696186031401158, "d4.dn_loss_iou": 0.5283447712659836, "loss_rpn_cls": 0.5490082516277107, "loss_rpn_bbox": 0.14451509896200151, "loss_cls0": 10.302383482456207, "acc0": 94.921875, "loss_bbox0": 5.59716737985611, "loss_cls1": 13.043545513153076, "loss_bbox1": 3.4255361807346345, "loss_centerness1": 7.121682338714599, "loss_cls_aux0": 2.158402483165264, "loss_bbox_aux0": 0.14946654103696347, "loss_iou_aux0": 0.14860586158931255, "d0.loss_cls_aux0": 2.142961391210556, "d0.loss_bbox_aux0": 0.3334048622846603, "d0.loss_iou_aux0": 0.3033598604798317, "d1.loss_cls_aux0": 2.30271121263504, "d1.loss_bbox_aux0": 0.19490480404347182, "d1.loss_iou_aux0": 0.18877186506986618, "d2.loss_cls_aux0": 2.3383368664979933, "d2.loss_bbox_aux0": 0.15687909621745347, "d2.loss_iou_aux0": 0.15602176859974862, "d3.loss_cls_aux0": 2.142280240058899, "d3.loss_bbox_aux0": 0.14914306199178098, "d3.loss_iou_aux0": 0.14874619472771883, "d4.loss_cls_aux0": 2.1793840873241423, "d4.loss_bbox_aux0": 0.14946293843910097, "d4.loss_iou_aux0": 0.1487685602158308, "loss_cls_aux1": 2.0446659687161444, "loss_bbox_aux1": 0.2511008262634277, "loss_iou_aux1": 0.21580777455121278, "d0.loss_cls_aux1": 1.9634986716508864, "d0.loss_bbox_aux1": 0.3955471321940422, "d0.loss_iou_aux1": 0.38224880293011665, "d1.loss_cls_aux1": 2.2716196393966674, "d1.loss_bbox_aux1": 0.2751006431132555, "d1.loss_iou_aux1": 0.24874586418271064, "d2.loss_cls_aux1": 2.1990748828649522, "d2.loss_bbox_aux1": 0.2522032962739468, "d2.loss_iou_aux1": 0.2231421196088195, "d3.loss_cls_aux1": 2.0252030271291734, "d3.loss_bbox_aux1": 0.2502937238290906, "d3.loss_iou_aux1": 0.21519519485533237, "d4.loss_cls_aux1": 2.0624742141366004, "d4.loss_bbox_aux1": 0.25102169904857874, "d4.loss_iou_aux1": 0.2156741662696004, "time": 2.596848793029785, "epoch": 1, "iter": 50, "memory": 24457, "step": 50}
{"base_lr": 0.0002, "lr": 2e-05, "data_time": 0.013217735290527343, "grad_norm": 351.0503233337402, "loss": 77.64230827331544, "loss_cls": 1.688523726463318, "loss_bbox": 0.2829682543873787, "loss_iou": 0.38166805133223536, "d0.loss_cls": 1.6248123675584794, "d0.loss_bbox": 0.3319352162629366, "d0.loss_iou": 0.4576273934543133, "d1.loss_cls": 1.562514334321022, "d1.loss_bbox": 0.2965153107047081, "d1.loss_iou": 0.4054500050842762, "d2.loss_cls": 1.7541930949687958, "d2.loss_bbox": 0.2939695933833718, "d2.loss_iou": 0.3909531832486391, "d3.loss_cls": 1.594548442363739, "d3.loss_bbox": 0.2885701833665371, "d3.loss_iou": 0.3861713422834873, "d4.loss_cls": 1.606786289215088, "d4.loss_bbox": 0.2843044711649418, "d4.loss_iou": 0.3839279414713383, "enc_loss_cls": 1.6429780554771423, "enc_loss_bbox": 0.41654156014323235, "enc_loss_iou": 0.5617912089824677, "dn_loss_cls": 1.3309443920850754, "dn_loss_bbox": 0.44184980385005473, "dn_loss_iou": 0.4542450778186321, "d0.dn_loss_cls": 0.913667643070221, "d0.dn_loss_bbox": 0.7202411097288132, "d0.dn_loss_iou": 0.7428713434934616, "d1.dn_loss_cls": 1.1962828838825226, "d1.dn_loss_bbox": 0.5410094943642616, "d1.dn_loss_iou": 0.5510579046607017, "d2.dn_loss_cls": 1.3160144871473312, "d2.dn_loss_bbox": 0.45886630468070505, "d2.dn_loss_iou": 0.47178503960371015, "d3.dn_loss_cls": 1.3825324714183806, "d3.dn_loss_bbox": 0.442269409224391, "d3.dn_loss_iou": 0.453855192437768, "d4.dn_loss_cls": 1.409017179608345, "d4.dn_loss_bbox": 0.44166418716311456, "d4.dn_loss_iou": 0.45344226583838465, "loss_rpn_cls": 0.19394940998463425, "loss_rpn_bbox": 0.17352746506221592, "loss_cls0": 6.005099387168884, "acc0": 81.25, "loss_bbox0": 5.652221755981445, "loss_cls1": 7.188104915618896, "loss_bbox1": 3.796266188621521, "loss_centerness1": 7.185677947998047, "loss_cls_aux0": 0.8876563844084739, "loss_bbox_aux0": 0.1802901837974787, "loss_iou_aux0": 0.21048895873129367, "d0.loss_cls_aux0": 1.0015555194020271, "d0.loss_bbox_aux0": 0.313494855761528, "d0.loss_iou_aux0": 0.33530838683247566, "d1.loss_cls_aux0": 0.9444720137119293, "d1.loss_bbox_aux0": 0.20732745975255967, "d1.loss_iou_aux0": 0.2386597837507725, "d2.loss_cls_aux0": 0.9955822962522507, "d2.loss_bbox_aux0": 0.1858665981143713, "d2.loss_iou_aux0": 0.21269817225635052, "d3.loss_cls_aux0": 0.8703994393348694, "d3.loss_bbox_aux0": 0.18020570002496242, "d3.loss_iou_aux0": 0.20829926371574403, "d4.loss_cls_aux0": 0.9194557012617588, "d4.loss_bbox_aux0": 0.1800604647770524, "d4.loss_iou_aux0": 0.20924176461994648, "loss_cls_aux1": 0.8022695611417293, "loss_bbox_aux1": 0.27476634286344054, "loss_iou_aux1": 0.2797978413850069, "d0.loss_cls_aux1": 0.9467835345864296, "d0.loss_bbox_aux1": 0.4100376181304455, "d0.loss_iou_aux1": 0.42522136107087133, "d1.loss_cls_aux1": 0.887778169810772, "d1.loss_bbox_aux1": 0.2957775870710611, "d1.loss_iou_aux1": 0.30335765577852725, "d2.loss_cls_aux1": 0.8971702744066715, "d2.loss_bbox_aux1": 0.2795264660567045, "d2.loss_iou_aux1": 0.28185518346726895, "d3.loss_cls_aux1": 0.7927618563175202, "d3.loss_bbox_aux1": 0.2738170998543501, "d3.loss_iou_aux1": 0.27753292478621006, "d4.loss_cls_aux1": 0.8263800910115242, "d4.loss_bbox_aux1": 0.27445770241320133, "d4.loss_iou_aux1": 0.27874046795070173, "time": 2.5773892211914062, "epoch": 1, "iter": 100, "memory": 24457, "step": 100}
