{"base_lr": 0.0002, "lr": 2e-05, "data_time": 0.012554740905761719, "grad_norm": 216.99373596191407, "loss": 148.1714782333374, "loss_cls": 0.45488784165121615, "loss_bbox": 5.07880264878273, "loss_iou": 2.386699995994568, "d0.loss_cls": 0.08900590057019145, "d0.loss_bbox": 5.145246863365173, "d0.loss_iou": 2.4104917645454407, "d1.loss_cls": 0.20331633707508445, "d1.loss_bbox": 5.095232485532761, "d1.loss_iou": 2.4040006494522093, "d2.loss_cls": 0.3288311666622758, "d2.loss_bbox": 5.085258617401123, "d2.loss_iou": 2.3977773857116698, "d3.loss_cls": 0.33691963529214264, "d3.loss_bbox": 5.079580595493317, "d3.loss_iou": 2.3902353405952455, "d4.loss_cls": 0.43745042704977094, "d4.loss_bbox": 5.07784830570221, "d4.loss_iou": 2.3888154292106627, "enc_loss_cls": 0.029687885846942662, "enc_loss_bbox": 5.097073907852173, "enc_loss_iou": 2.3945232462882995, "dn_loss_cls": 0.3215134166181087, "dn_loss_bbox": 1.53973569303751, "dn_loss_iou": 1.2818481516838074, "d0.dn_loss_cls": 0.32427374213933946, "d0.dn_loss_bbox": 1.5355057510733605, "d0.dn_loss_iou": 1.2794274926185607, "d1.dn_loss_cls": 0.3573517273366451, "d1.dn_loss_bbox": 1.5363650333881378, "d1.dn_loss_iou": 1.2795413470268249, "d2.dn_loss_cls": 0.3782022985816002, "d2.dn_loss_bbox": 1.5372827059030534, "d2.dn_loss_iou": 1.2801101064682008, "d3.dn_loss_cls": 0.371254435479641, "d3.dn_loss_bbox": 1.5380943262577056, "d3.dn_loss_iou": 1.2806434154510498, "d4.dn_loss_cls": 0.36940916776657107, "d4.dn_loss_bbox": 1.5388347586989404, "d4.dn_loss_iou": 1.2812961530685425, "loss_rpn_cls": 2.839876044392586, "loss_rpn_bbox": 0.28012452272698285, "loss_cls0": 3.4506617337465286, "acc0": 96.484375, "loss_bbox0": 1.4245824742503463, "loss_cls1": 14.608537311553954, "loss_bbox1": 11.83145055770874, "loss_centerness1": 7.377758312225342, "loss_cls_aux0": 1.2788834311813115, "loss_bbox_aux0": 0.9831310194544494, "loss_iou_aux0": 0.5850726588070393, "d0.loss_cls_aux0": 1.115238693654537, "d0.loss_bbox_aux0": 0.9627215728559532, "d0.loss_iou_aux0": 0.5337718083895743, "d1.loss_cls_aux0": 1.121238514482975, "d1.loss_bbox_aux0": 0.9672344145318493, "d1.loss_iou_aux0": 0.5462656114250422, "d2.loss_cls_aux0": 1.3097272118926049, "d2.loss_bbox_aux0": 0.9715670438576489, "d2.loss_iou_aux0": 0.5588318726420403, "d3.loss_cls_aux0": 1.402672143355012, "d3.loss_bbox_aux0": 0.9756808449979871, "d3.loss_iou_aux0": 0.5681612079590559, "d4.loss_cls_aux0": 1.472566879428923, "d4.loss_bbox_aux0": 0.9793929100595414, "d4.loss_iou_aux0": 0.5768700398504734, "loss_cls_aux1": 0.5873878171294927, "loss_bbox_aux1": 1.1711746802926064, "loss_iou_aux1": 0.966432340145111, "d0.loss_cls_aux1": 0.4262584555149078, "d0.loss_bbox_aux1": 1.166504221111536, "d0.loss_iou_aux1": 0.9616775715351105, "d1.loss_cls_aux1": 0.4748888476192951, "d1.loss_bbox_aux1": 1.1672224414348602, "d1.loss_iou_aux1": 0.9621625220775605, "d2.loss_cls_aux1": 0.5504036149382592, "d2.loss_bbox_aux1": 1.1683003503084182, "d2.loss_iou_aux1": 0.963392299413681, "d3.loss_cls_aux1": 0.6108822512626648, "d3.loss_bbox_aux1": 1.1693190479278563, "d3.loss_iou_aux1": 0.9643319857120514, "d4.loss_cls_aux1": 0.6609997855871916, "d4.loss_bbox_aux1": 1.1703502556681633, "d4.loss_iou_aux1": 0.9653959667682648, "time": 2.5882103872299194, "epoch": 1, "iter": 50, "memory": 24458, "step": 50}
