{"base_lr": 1e-05, "lr": 1.0000000000000002e-06, "data_time": 0.016775879859924316, "grad_norm": 17.83195843219757, "loss": 2.103341125249863, "loss_rpn_cls": 0.4465221467614174, "loss_rpn_bbox": 0.03518827389925718, "s0.loss_cls": 0.8704552954435348, "s0.acc": 96.09375, "s0.loss_bbox": 0.09096983484281736, "s1.loss_cls": 0.4519576469063759, "s1.acc": 98.53515625, "s1.loss_bbox": 0.02671886588203279, "s2.loss_cls": 0.17788269564509393, "s2.acc": 99.12109375, "s2.loss_bbox": 0.00364638724046813, "time": 1.20023521900177, "epoch": 1, "iter": 50, "memory": 19571, "step": 50}
{"base_lr": 1e-05, "lr": 1.0000000000000002e-06, "data_time": 0.00943901538848877, "grad_norm": 5.060645055770874, "loss": 0.7573000276088715, "loss_rpn_cls": 0.16506080366671086, "loss_rpn_bbox": 0.035790121899917725, "s0.loss_cls": 0.29265110835433006, "s0.acc": 91.2109375, "s0.loss_bbox": 0.11520730752497911, "s1.loss_cls": 0.08390512946993113, "s1.acc": 97.0703125, "s1.loss_bbox": 0.03228297681295771, "s2.loss_cls": 0.027733057076111435, "s2.acc": 98.2421875, "s2.loss_bbox": 0.004669518233336021, "time": 1.1649899911880492, "epoch": 1, "iter": 100, "memory": 19571, "step": 100}
{"base_lr": 1e-05, "lr": 1.0000000000000002e-06, "data_time": 0.00929370403289795, "grad_norm": 6.396406443119049, "loss": 0.8065191820263863, "loss_rpn_cls": 0.1736106813699007, "loss_rpn_bbox": 0.052316477461718025, "s0.loss_cls": 0.3059895011782646, "s0.acc": 98.33984375, "s0.loss_bbox": 0.11742893569171428, "s1.loss_cls": 0.08848911382257939, "s1.acc": 99.31640625, "s1.loss_bbox": 0.03449570069073161, "s2.loss_cls": 0.028907205918803813, "s2.acc": 99.70703125, "s2.loss_bbox": 0.0052815675610759175, "time": 1.166615080833435, "epoch": 1, "iter": 150, "memory": 19571, "step": 150}
{"base_lr": 1e-05, "lr": 1.0000000000000002e-06, "data_time": 0.009321761131286622, "grad_norm": 4.602765402793884, "loss": 0.5798979172110558, "loss_rpn_cls": 0.09747275777161121, "loss_rpn_bbox": 0.027846425506286323, "s0.loss_cls": 0.23556911170482636, "s0.acc": 98.828125, "s0.loss_bbox": 0.09887829218059778, "s1.loss_cls": 0.06556703373789788, "s1.acc": 99.70703125, "s1.loss_bbox": 0.030737469556024733, "s2.loss_cls": 0.019341781651601195, "s2.acc": 99.8046875, "s2.loss_bbox": 0.004485042588023589, "time": 1.1654321241378784, "epoch": 1, "iter": 200, "memory": 19571, "step": 200}
{"base_lr": 1e-05, "lr": 1.0000000000000002e-06, "data_time": 0.009464373588562012, "grad_norm": 7.437027080059051, "loss": 0.8470030453801155, "loss_rpn_cls": 0.15044360261410475, "loss_rpn_bbox": 0.04575613152701408, "s0.loss_cls": 0.3318854211270809, "s0.acc": 92.87109375, "s0.loss_bbox": 0.14773829229176044, "s1.loss_cls": 0.09236050933599473, "s1.acc": 96.2890625, "s1.loss_bbox": 0.04448526202235371, "s2.loss_cls": 0.028267581034451723, "s2.acc": 97.65625, "s2.loss_bbox": 0.006066236638575901, "time": 1.1658884859085084, "epoch": 1, "iter": 250, "memory": 19571, "step": 250}
{"base_lr": 1e-05, "lr": 1.0000000000000002e-06, "data_time": 0.009661674499511719, "grad_norm": 6.043687834739685, "loss": 0.7677685442566872, "loss_rpn_cls": 0.12978277914226055, "loss_rpn_bbox": 0.03815348145086318, "s0.loss_cls": 0.3097302739322185, "s0.acc": 96.19140625, "s0.loss_bbox": 0.13394231803715229, "s1.loss_cls": 0.0844264316931367, "s1.acc": 98.14453125, "s1.loss_bbox": 0.039871526671922765, "s2.loss_cls": 0.02539238194935024, "s2.acc": 99.31640625, "s2.loss_bbox": 0.006469354458963608, "time": 1.1645594072341918, "epoch": 1, "iter": 300, "memory": 19571, "step": 300}
{"base_lr": 1e-05, "lr": 1.0000000000000002e-06, "data_time": 0.009485650062561034, "grad_norm": 6.434367234706879, "loss": 0.7653239166736603, "loss_rpn_cls": 0.13760515708476306, "loss_rpn_bbox": 0.043091245652758514, "s0.loss_cls": 0.29332099050283433, "s0.acc": 95.41015625, "s0.loss_bbox": 0.13450110040605068, "s1.loss_cls": 0.08358958087861539, "s1.acc": 97.65625, "s1.loss_bbox": 0.04149974932428449, "s2.loss_cls": 0.025722327418625356, "s2.acc": 98.828125, "s2.loss_bbox": 0.0059937728492877795, "time": 1.164060845375061, "epoch": 1, "iter": 350, "memory": 19571, "step": 350}
{"base_lr": 1e-05, "lr": 1.0000000000000002e-06, "data_time": 0.009504470825195312, "grad_norm": 6.340100727081299, "loss": 0.7528949317336082, "loss_rpn_cls": 0.1324718689545989, "loss_rpn_bbox": 0.037930992911569775, "s0.loss_cls": 0.29529692605137825, "s0.acc": 98.14453125, "s0.loss_bbox": 0.14136900261044502, "s1.loss_cls": 0.07866090919822455, "s1.acc": 99.4140625, "s1.loss_bbox": 0.03809797529699608, "s2.loss_cls": 0.023788336589932443, "s2.acc": 99.8046875, "s2.loss_bbox": 0.005278914073844589, "time": 1.1650439405441284, "epoch": 1, "iter": 400, "memory": 19571, "step": 400}
{"base_lr": 1e-05, "lr": 1.0000000000000002e-06, "data_time": 0.009472479820251465, "grad_norm": 6.980180039405822, "loss": 0.7481560969352722, "loss_rpn_cls": 0.14008116703480483, "loss_rpn_bbox": 0.04568100999109447, "s0.loss_cls": 0.2797879338264465, "s0.acc": 90.33203125, "s0.loss_bbox": 0.13238669887185098, "s1.loss_cls": 0.07937398098409176, "s1.acc": 96.19140625, "s1.loss_bbox": 0.04140476193279028, "s2.loss_cls": 0.023707775212824345, "s2.acc": 97.65625, "s2.loss_bbox": 0.005732777664525202, "time": 1.1641022014617919, "epoch": 1, "iter": 450, "memory": 19571, "step": 450}
{"base_lr": 1e-05, "lr": 1.0000000000000002e-06, "data_time": 0.00965616226196289, "grad_norm": 5.762325844764709, "loss": 0.6098295372724533, "loss_rpn_cls": 0.10837158728390932, "loss_rpn_bbox": 0.03382890793960541, "s0.loss_cls": 0.23776546999812126, "s0.acc": 97.4609375, "s0.loss_bbox": 0.10730661416426301, "s1.loss_cls": 0.06563651617616414, "s1.acc": 99.0234375, "s1.loss_bbox": 0.03305298889987171, "s2.loss_cls": 0.019273411948233843, "s2.acc": 99.31640625, "s2.loss_bbox": 0.004594041308137093, "time": 1.1646005868911744, "epoch": 1, "iter": 500, "memory": 19571, "step": 500}
{"base_lr": 1e-05, "lr": 1.0000000000000002e-06, "data_time": 0.00950749397277832, "grad_norm": 7.41575582742691, "loss": 0.7325712528824806, "loss_rpn_cls": 0.1269550734758377, "loss_rpn_bbox": 0.039538173824548724, "s0.loss_cls": 0.2934398639202118, "s0.acc": 89.35546875, "s0.loss_bbox": 0.1277883392944932, "s1.loss_cls": 0.0781590606085956, "s1.acc": 95.1171875, "s1.loss_bbox": 0.037760445838794114, "s2.loss_cls": 0.02353351325727999, "s2.acc": 97.55859375, "s2.loss_bbox": 0.005396790465133563, "time": 1.1663620805740356, "epoch": 1, "iter": 550, "memory": 19571, "step": 550}
{"base_lr": 1e-05, "lr": 1.0000000000000002e-06, "data_time": 0.00940296173095703, "grad_norm": 6.65078631401062, "loss": 0.7138097900152206, "loss_rpn_cls": 0.1123860440775752, "loss_rpn_bbox": 0.03721331427106634, "s0.loss_cls": 0.28728062808513644, "s0.acc": 97.36328125, "s0.loss_bbox": 0.1286108072847128, "s1.loss_cls": 0.07948867402970791, "s1.acc": 98.92578125, "s1.loss_bbox": 0.03974770510569215, "s2.loss_cls": 0.023487775512039663, "s2.acc": 99.609375, "s2.loss_bbox": 0.005594847521265365, "time": 1.1668819189071655, "epoch": 1, "iter": 600, "memory": 19571, "step": 600}
{"base_lr": 1e-05, "lr": 1.0000000000000002e-06, "data_time": 0.009798822402954101, "grad_norm": 7.280211358070374, "loss": 0.7079279527068139, "loss_rpn_cls": 0.10811071967706085, "loss_rpn_bbox": 0.03154141050297767, "s0.loss_cls": 0.2863436171412468, "s0.acc": 86.62109375, "s0.loss_bbox": 0.13771897835657002, "s1.loss_cls": 0.0774942633509636, "s1.acc": 93.5546875, "s1.loss_bbox": 0.03825190177876721, "s2.loss_cls": 0.023264627531170846, "s2.acc": 96.6796875, "s2.loss_bbox": 0.005202425014236951, "time": 1.164705891609192, "epoch": 1, "iter": 650, "memory": 19571, "step": 650}
{"base_lr": 1e-05, "lr": 1.0000000000000002e-06, "data_time": 0.009617242813110351, "grad_norm": 7.4886854457855225, "loss": 0.7653856745362282, "loss_rpn_cls": 0.12796469531953336, "loss_rpn_bbox": 0.044186550308950245, "s0.loss_cls": 0.29821071043610575, "s0.acc": 96.484375, "s0.loss_bbox": 0.14478738039731978, "s1.loss_cls": 0.07955264713615179,