{"base_lr": 0.0002, "lr": 2e-05, "data_time": 0.009419279098510742, "grad_norm": 9.484781792163849, "loss": 0.9908564782142639, "loss_rpn_cls": 0.14292455174028873, "loss_rpn_bbox": 0.04351548140402883, "s0.loss_cls": 0.4398634203523397, "s0.acc": 93.359375, "s0.loss_bbox": 0.1196481745291021, "s1.loss_cls": 0.14853022880852224, "s1.acc": 97.16796875, "s1.loss_bbox": 0.03488588295078444, "s2.loss_cls": 0.056443354440853, "s2.acc": 98.828125, "s2.loss_bbox": 0.0050453926423415394, "time": 1.1965637445449828, "epoch": 1, "iter": 50, "memory": 19570, "step": 50}
