{"base_lr": 2e-05, "lr": 2.0000000000000003e-06, "data_time": 0.013681001663208008, "grad_norm": 472.16912841796875, "loss": 35.822198371887204, "loss_cls": 0.42771407079882917, "loss_bbox": 0.1514489335939288, "loss_iou": 0.18970960237085818, "d0.loss_cls": 0.47157779455184934, "d0.loss_bbox": 0.2538639022409916, "d0.loss_iou": 0.28623247414827346, "d1.loss_cls": 0.4580789351463318, "d1.loss_bbox": 0.19029498640447856, "d1.loss_iou": 0.2272578500211239, "d2.loss_cls": 0.43554104916751385, "d2.loss_bbox": 0.1653054347774014, "d2.loss_iou": 0.20618210500106215, "d3.loss_cls": 0.4239504127204418, "d3.loss_bbox": 0.15671586640179158, "d3.loss_iou": 0.19511883560568094, "d4.loss_cls": 0.4098121512820944, "d4.loss_bbox": 0.15683241568505765, "d4.loss_iou": 0.1951240860670805, "enc_loss_cls": 0.45593085393309596, "enc_loss_bbox": 0.30782009966671464, "enc_loss_iou": 0.33016636796295645, "dn_loss_cls": 0.07127648619934916, "dn_loss_bbox": 0.3475405323877931, "dn_loss_iou": 0.3317740862816572, "d0.dn_loss_cls": 0.10393342290073633, "d0.dn_loss_bbox": 0.6019595628976822, "d0.dn_loss_iou": 0.5771160328388214, "d1.dn_loss_cls": 0.08282439822331071, "d1.dn_loss_bbox": 0.41042643144726754, "d1.dn_loss_iou": 0.405118433535099, "d2.dn_loss_cls": 0.07795657210052014, "d2.dn_loss_bbox": 0.3615405321866274, "d2.dn_loss_iou": 0.3515468128398061, "d3.dn_loss_cls": 0.07421555790118874, "d3.dn_loss_bbox": 0.34848687004297974, "d3.dn_loss_iou": 0.33360848028212786, "d4.dn_loss_cls": 0.07162407458992676, "d4.dn_loss_bbox": 0.3474796057865024, "d4.dn_loss_iou": 0.3317723510414362, "loss_rpn_cls": 0.09711168054956942, "loss_rpn_bbox": 0.15252723874989896, "loss_cls0": 1.9560032629966735, "acc0": 97.4609375, "loss_bbox0": 2.5116603407263756, "loss_cls1": 2.2271714502573015, "loss_bbox1": 3.570722943544388, "loss_centerness1": 7.170513896942139, "loss_cls_aux0": 0.056018004484358244, "loss_bbox_aux0": 0.20146873764693737, "loss_iou_aux0": 0.2023883381858468, "d0.loss_cls_aux0": 0.09649376662448049, "d0.loss_bbox_aux0": 0.3214148163795471, "d0.loss_iou_aux0": 0.3198109944164753, "d1.loss_cls_aux0": 0.07366151778027415, "d1.loss_bbox_aux0": 0.22624754086136817, "d1.loss_iou_aux0": 0.23395492166280746, "d2.loss_cls_aux0": 0.06576245239935816, "d2.loss_bbox_aux0": 0.2067868797108531, "d2.loss_iou_aux0": 0.21072361305356024, "d3.loss_cls_aux0": 0.06216963846702129, "d3.loss_bbox_aux0": 0.2011956135556102, "d3.loss_iou_aux0": 0.2021239634230733, "d4.loss_cls_aux0": 0.058991893127094956, "d4.loss_bbox_aux0": 0.20106734856963157, "d4.loss_iou_aux0": 0.20196615107357502, "loss_cls_aux1": 0.0619425250205677, "loss_bbox_aux1": 0.23085282081738115, "loss_iou_aux1": 0.2518816040828824, "d0.loss_cls_aux1": 0.08728234545327723, "d0.loss_bbox_aux1": 0.35877090603113176, "d0.loss_iou_aux1": 0.3872916553914547, "d1.loss_cls_aux1": 0.07557306673377752, "d1.loss_bbox_aux1": 0.25863551676273344, "d1.loss_iou_aux1": 0.29005858443677424, "d2.loss_cls_aux1": 0.07352223420515656, "d2.loss_bbox_aux1": 0.2344226224347949, "d2.loss_iou_aux1": 0.26011972708627584, "d3.loss_cls_aux1": 0.06963234497001394, "d3.loss_bbox_aux1": 0.23065816685557367, "d3.loss_iou_aux1": 0.25184687446802856, "d4.loss_cls_aux1": 0.06481478364206851, "d4.loss_bbox_aux1": 0.23050145857036114, "d4.loss_iou_aux1": 0.2515546405874193, "time": 1.2210194873809814, "epoch": 11, "iter": 39110, "memory": 14230, "step": 39110}
{"base_lr": 2e-05, "lr": 2.0000000000000003e-06, "data_time": 0.0105027437210083, "grad_norm": 715.3317242431641, "loss": 42.84564937591553, "loss_cls": 0.6300812134053558, "loss_bbox": 0.16563318662345408, "loss_iou": 0.20305995892733336, "d0.loss_cls": 0.6293558439612389, "d0.loss_bbox": 0.2549073204398155, "d0.loss_iou": 0.30167552910745143, "d1.loss_cls": 0.6570973349362612, "d1.loss_bbox": 0.19811123594641686, "d1.loss_iou": 0.2392488484084606, "d2.loss_cls": 0.6649281815439463, "d2.loss_bbox": 0.17330475797876715, "d2.loss_iou": 0.2078386827558279, "d3.loss_cls": 0.6470043710060418, "d3.loss_bbox": 0.1694333178177476, "d3.loss_iou": 0.20095886439085006, "d4.loss_cls": 0.6309585705585777, "d4.loss_bbox": 0.1693605112284422, "d4.loss_iou": 0.2054446340724826, "enc_loss_cls": 0.6528126201033593, "enc_loss_bbox": 0.28212768740952016, "enc_loss_iou": 0.3342887708544731, "dn_loss_cls": 0.11976383005268872, "dn_loss_bbox": 0.4446913754940033, "dn_loss_iou": 0.3849688818305731, "d0.dn_loss_cls": 0.12715387240052223, "d0.dn_loss_bbox": 0.6893034532666207, "d0.dn_loss_iou": 0.6101936769485473, "d1.dn_loss_cls": 0.12250285282731056, "d1.dn_loss_bbox": 0.5055263037979603, "d1.dn_loss_iou": 0.4557775790989399, "d2.dn_loss_cls": 0.12183390660211443, "d2.dn_loss_bbox": 0.46243413388729093, "d2.dn_loss_iou": 0.40466648697853086, "d3.dn_loss_cls": 0.1193701475020498, "d3.dn_loss_bbox": 0.44787471912801263, "d3.dn_loss_iou": 0.38746867798268797, "d4.dn_loss_cls": 0.11875143182929605, "d4.dn_loss_bbox": 0.44501865953207015, "d4.dn_loss_iou": 0.38516845159232616, "loss_rpn_cls": 0.10172543787164613, "loss_rpn_bbox": 0.1285825743386522, "loss_cls0": 2.4662926086783408, "acc0": 88.671875, "loss_bbox0": 2.7182949072122575, "loss_cls1": 3.06663698554039, "loss_bbox1": 3.7225452840328215, "loss_centerness1": 7.141259765625, "loss_cls_aux0": 0.15390896831289866, "loss_bbox_aux0": 0.25712115854024886, "loss_iou_aux0": 0.23377495866268874, "d0.loss_cls_aux0": 0.19219444256275892, "d0.loss_bbox_aux0": 0.3838352490961552, "d0.loss_iou_aux0": 0.35598073348402975, "d1.loss_cls_aux0": 0.19320231888443232, "d1.loss_bbox_aux0": 0.2808392821252346, "d1.loss_iou_aux0": 0.2670415197312832, "d2.loss_cls_aux0": 0.18623350463807584, "d2.loss_bbox_aux0": 0.258934662528336, "d2.loss_iou_aux0": 0.23843255452811718, "d3.loss_cls_aux0": 0.17860490452032537, "d3.loss_bbox_aux0": 0.2567177642136812, "d3.loss_iou_aux0": 0.233475983440876, "d4.loss_cls_aux0": 0.16325147700496018, "d4.loss_bbox_aux0": 0.25706181194633243, "d4.loss_iou_aux0": 0.23371584996581077, "loss_cls_aux1": 0.14220873278856744, "loss_bbox_aux1": 0.36179093398153783, "loss_iou_aux1": 0.2853770074993372, "d0.loss_cls_aux1": 0.16353955131024123, "d0.loss_bbox_aux1": 0.5020558916032314, "d0.loss_iou_aux1": 0.4220474797487259, "d1.loss_cls_aux1": 0.17065775547176598, "d1.loss_bbox_aux1": 0.39172884821891785, "d1.loss_iou_aux1": 0.33104836981743574, "d2.loss_cls_aux1": 0.16829186422750353, "d2.loss_bbox_aux1": 0.36611014530062674, "d2.loss_iou_aux1": 0.2954780672863126, "d3.loss_cls_aux1": 0.15916735001374036, "d3.loss_bbox_aux1": 0.36156764790415763, "d3.loss_iou_aux1": 0.28581761971116065, "d4.loss_cls_aux1": 0.1517536765441764, "d4.loss_bbox_aux1": 0.36181933782994746, "d4.loss_iou_aux1": 0.2854250408709049, "time": 1.1757383966445922, "epoch": 11, "iter": 39160, "memory": 14236, "step": 39160}
{"base_lr": 2e-05, "lr": 2.0000000000000003e-06, "data_time": 0.01083242416381836, "grad_norm": 598.8416693115234, "loss": 36.851417026519776, "loss_cls": 0.3777829559706152, "loss_bbox": 0.16916140597313642, "loss_iou": 0.23233737342059613, "d0.loss_cls": 0.4821320473402739, "d0.loss_bbox": 0.245543556176126, "d0.loss_iou": 0.3015251514315605, "d1.loss_cls": 0.4374385173432529, "d1.loss_bbox": 0.19991182550787925, "d1.loss_iou": 0.2637508399039507, "d2.loss_cls": 0.38909312785603106, "d2.loss_bbox": 0.17831136038526893, "d2.loss_iou": 0.24208909764885903, "d3.loss_cls": 0.38445458710193636, "d3.loss_bbox": 0.1689104025438428, "d3.loss_iou": 0.2337876870110631, "d4.loss_cls": 0.3768310733884573, "d4.loss_bbox": 0.16903536785393952, "d4.loss_iou": 0.2320892069116235, "enc_loss_cls": 0.4906405737996101, "enc_loss_bbox": 0.26284944541752336, "enc_loss_iou": 0.3287739998847246, "dn_loss_cls": 0.07533378951018677, "dn_loss_bbox": 0.3000480031967163, "dn_loss_iou": 0.34446887392550707, "d0.dn_loss_cls": 0.10769341677427292, "d0.dn_loss_bbox": 0.5414636862277985, "d0.dn_loss_iou": 0.5764769977331161, "d1.dn_loss_cls": 0.08893124382942914, "d1.dn_loss_bbox": 0.3618855440616608,