{"base_lr": 2e-05, "lr": 2.0000000000000003e-06, "data_time": 0.018606882095336914, "grad_norm": 181.07917602539064, "loss": 172.9345230102539, "loss_cls": 0.09171051654499024, "loss_bbox": 8.139864323139191, "loss_iou": 2.6791260385513307, "d0.loss_cls": 0.04326357273384929, "d0.loss_bbox": 8.176247353553771, "d0.loss_iou": 2.6658413672447203, "d1.loss_cls": 0.07108522318303585, "d1.loss_bbox": 8.147367837429046, "d1.loss_iou": 2.67773668050766, "d2.loss_cls": 0.07057343816384673, "d2.loss_bbox": 8.13755266904831, "d2.loss_iou": 2.682340247631073, "d3.loss_cls": 0.08241279350593686, "d3.loss_bbox": 8.136790044307709, "d3.loss_iou": 2.679999306201935, "d4.loss_cls": 0.09144069879315793, "d4.loss_bbox": 8.136022121906281, "d4.loss_iou": 2.6789103174209594, "enc_loss_cls": 0.03844237771816552, "enc_loss_bbox": 8.144837136268615, "enc_loss_iou": 2.6796769094467163, "dn_loss_cls": 0.22062680631875992, "dn_loss_bbox": 1.6125467598438263, "dn_loss_iou": 1.3454779553413392, "d0.dn_loss_cls": 0.286375193297863, "d0.dn_loss_bbox": 1.6122512876987458, "d0.dn_loss_iou": 1.3460647916793824, "d1.dn_loss_cls": 0.241925145983696, "d1.dn_loss_bbox": 1.6123292243480682, "d1.dn_loss_iou": 1.3459277653694153, "d2.dn_loss_cls": 0.23269937708973884, "d2.dn_loss_bbox": 1.6123934960365296, "d2.dn_loss_iou": 1.3458012437820435, "d3.dn_loss_cls": 0.21900461494922638, "d3.dn_loss_bbox": 1.6124342143535615, "d3.dn_loss_iou": 1.3457172870635987, "d4.dn_loss_cls": 0.2188412506878376, "d4.dn_loss_bbox": 1.6124968314170838, "d4.dn_loss_iou": 1.3455867075920105, "loss_rpn_cls": 6.79318434715271, "loss_rpn_bbox": 0.19330506302416325, "loss_cls0": 3.6771890956163404, "acc0": 98.14453125, "loss_bbox0": 0.7958937303349376, "loss_cls1": 12.73399995803833, "loss_bbox1": 12.279106874465942, "loss_centerness1": 7.525535554885864, "loss_cls_aux0": 1.3537669259309768, "loss_bbox_aux0": 0.9697229172848165, "loss_iou_aux0": 0.506116356132552, "d0.loss_cls_aux0": 1.6018010091781616, "d0.loss_bbox_aux0": 0.9669267506198957, "d0.loss_iou_aux0": 0.5014575403812341, "d1.loss_cls_aux0": 1.4045353615283966, "d1.loss_bbox_aux0": 0.9674732486857102, "d1.loss_iou_aux0": 0.5023671759967692, "d2.loss_cls_aux0": 1.4037936407327651, "d2.loss_bbox_aux0": 0.968038047850132, "d2.loss_iou_aux0": 0.50327233934775, "d3.loss_cls_aux0": 1.2574314785003662, "d3.loss_bbox_aux0": 0.9685657584154979, "d3.loss_iou_aux0": 0.5042052243603393, "d4.loss_cls_aux0": 1.2492749017477036, "d4.loss_bbox_aux0": 0.9691865866351873, "d4.loss_iou_aux0": 0.5051930634584277, "loss_cls_aux1": 0.37419688642024995, "loss_bbox_aux1": 1.3015969169139863, "loss_iou_aux1": 1.0431467270851136, "d0.loss_cls_aux1": 0.47669698745012284, "d0.loss_bbox_aux1": 1.3018447995185851, "d0.loss_iou_aux1": 1.0438265931606292, "d1.loss_cls_aux1": 0.40992086932063104, "d1.loss_bbox_aux1": 1.3017640566825868, "d1.loss_iou_aux1": 1.043582148551941, "d2.loss_cls_aux1": 0.3914496412873268, "d2.loss_bbox_aux1": 1.3017163789272308, "d2.loss_iou_aux1": 1.0434214866161347, "d3.loss_cls_aux1": 0.3451320190727711, "d3.loss_bbox_aux1": 1.301681206226349, "d3.loss_iou_aux1": 1.043316376209259, "d4.loss_cls_aux1": 0.34531335860490797, "d4.loss_bbox_aux1": 1.3016295737028123, "d4.loss_iou_aux1": 1.0432035207748414, "time": 2.0841659450531007, "epoch": 1, "iter": 50, "memory": 29030, "step": 50}
{"base_lr": 2e-05, "lr": 2.0000000000000003e-06, "data_time": 0.014969673156738281, "grad_norm": 215.6316473388672, "loss": 115.88940841674804, "loss_cls": 0.6722872642055154, "loss_bbox": 2.314427193403244, "loss_iou": 1.859323139190674, "d0.loss_cls": 0.29208100363612177, "d0.loss_bbox": 2.3636264765262602, "d0.loss_iou": 1.8792948985099793, "d1.loss_cls": 0.39203720301389694, "d1.loss_bbox": 2.346581803560257, "d1.loss_iou": 1.871585727930069, "d2.loss_cls": 0.4425747001171112, "d2.loss_bbox": 2.3332885944843293, "d2.loss_iou": 1.8648089706897735, "d3.loss_cls": 0.5692349652387202, "d3.loss_bbox": 2.321921887397766, "d3.loss_iou": 1.8629578161239624, "d4.loss_cls": 0.6108016742765904, "d4.loss_bbox": 2.316714800596237, "d4.loss_iou": 1.8625129544734955, "enc_loss_cls": 0.2449682582821697, "enc_loss_bbox": 2.321010129451752, "enc_loss_iou": 1.8662178671360017, "dn_loss_cls": 0.20996104881167413, "dn_loss_bbox": 1.3055780059099198, "dn_loss_iou": 1.3356336188316345, "d0.dn_loss_cls": 0.23018584921956062, "d0.dn_loss_bbox": 1.3038959151506424, "d0.dn_loss_iou": 1.3368565034866333, "d1.dn_loss_cls": 0.1986954091489315, "d1.dn_loss_bbox": 1.3043404185771943, "d1.dn_loss_iou": 1.336558482646942, "d2.dn_loss_cls": 0.1976139761507511, "d2.dn_loss_bbox": 1.3047361505031585, "d2.dn_loss_iou": 1.336283974647522, "d3.dn_loss_cls": 0.2000838541984558, "d3.dn_loss_bbox": 1.305044561624527, "d3.dn_loss_iou": 1.3360565614700317, "d4.dn_loss_cls": 0.21116129145026208, "d4.dn_loss_bbox": 1.3052840411663056, "d4.dn_loss_iou": 1.3358283638954163, "loss_rpn_cls": 3.965208721160889, "loss_rpn_bbox": 0.32920346688479185, "loss_cls0": 1.5309916579723357, "acc0": 96.875, "loss_bbox0": 0.8764908772613853, "loss_cls1": 10.974919109344482, "loss_bbox1": 12.144158277511597, "loss_centerness1": 7.519043006896973, "loss_cls_aux0": 1.0391309428215028, "loss_bbox_aux0": 0.9477789836190641, "loss_iou_aux0": 0.5000060814246535, "d0.loss_cls_aux0": 0.9910819745063781, "d0.loss_bbox_aux0": 0.9449075986241223, "d0.loss_iou_aux0": 0.49013502696994693, "d1.loss_cls_aux0": 0.9153017601370812, "d1.loss_bbox_aux0": 0.9452953600557521, "d1.loss_iou_aux0": 0.4914601478725672, "d2.loss_cls_aux0": 0.9282680231332779, "d2.loss_bbox_aux0": 0.9458567312755622, "d2.loss_iou_aux0": 0.49326179910451173, "d3.loss_cls_aux0": 0.9537928879261017, "d3.loss_bbox_aux0": 0.9464258216554299, "d3.loss_iou_aux0": 0.4952892316877842, "d4.loss_cls_aux0": 1.0084751731157302, "d4.loss_bbox_aux0": 0.9470511500956491, "d4.loss_iou_aux0": 0.497569881528616, "loss_cls_aux1": 0.3152479983866215, "loss_bbox_aux1": 1.0510000151395797, "loss_iou_aux1": 1.0428722512722015, "d0.loss_cls_aux1": 0.30631719037890437, "d0.loss_bbox_aux1": 1.0505035960674285, "d0.loss_iou_aux1": 1.0448291766643525, "d1.loss_cls_aux1": 0.28581510826945306, "d1.loss_bbox_aux1": 1.050709377527237, "d1.loss_iou_aux1": 1.0440896320343018, "d2.loss_cls_aux1": 0.2893797488510609, "d2.loss_bbox_aux1": 1.0508529245853424, "d2.loss_iou_aux1": 1.043623833656311, "d3.loss_cls_aux1": 0.2918880258500576, "d3.loss_bbox_aux1": 1.0508783042430878, "d3.loss_iou_aux1": 1.04330371260643, "d4.loss_cls_aux1": 0.3109832410514355, "d4.loss_bbox_aux1": 1.0509259057044984, "d4.loss_iou_aux1": 1.0430367004871368, "time": 2.033105673789978, "epoch": 1, "iter": 100, "memory": 29098, "step": 100}
{"base_lr": 2e-05, "lr": 2.0000000000000003e-06, "data_time": 0.01419416904449463, "grad_norm": 188.92652114868164, "loss": 102.73246688842774, "loss_cls": 0.6382790857553482, "loss_bbox": 1.2541407692432402, "loss_iou": 1.136742777824402, "d0.loss_cls": 0.5291458502411842, "d0.loss_bbox": 1.3201126980781555, "d0.loss_iou": 1.1662271595001221, "d1.loss_cls": 0.5617717269062996, "d1.loss_bbox": 1.3010108470916748, "d1.loss_iou": 1.157000777721405, "d2.loss_cls": 0.5732898902893067, "d2.loss_bbox": 1.278775553703308, "d2.loss_iou": 1.143226718902588, "d3.loss_cls": 0.584528506398201, "d3.loss_bbox": 1.2695129656791686, "d3.loss_iou": 1.140914648771286, "d4.loss_cls": 0.6164673095941544, "d4.loss_bbox": 1.2623903048038483, "d4.loss_iou": 1.1372250926494598, "enc_loss_cls": 0.5864509552717209, "enc_loss_bbox": 1.2511468517780304, "enc_loss_iou": 1.1431662166118621, "dn_loss_cls": 0.22914274424314499, "dn_loss_bbox": 1.4991701364517211, "dn_loss_iou": 1.3373222875595092, "d0.dn_loss_cls": 0.23674817025661468, "d0.dn_loss_bbox": 1.4974037575721741, "d0.dn_loss_iou": 1.341500825881958, "d1.dn_loss_cls": 0.21375493481755256, "d1.dn_loss_bbox": 1.4978008043766022, "d1.dn_loss_iou": 1.3404665899276733, "d2.dn_loss_cls": 0.22341251447796823, "d2.dn_loss_bbox": 1.4981857073307037, "d2.dn_loss_iou": 1.339483869075775,