{"base_lr": 0.0002, "lr": 2e-05, "data_time": 0.013375506401062012, "grad_norm": 327.567374420166, "loss": 142.17555557250978, "loss_cls": 0.935268290527165, "loss_bbox": 3.4650820863246916, "loss_iou": 2.073502413034439, "d0.loss_cls": 0.25540069493465123, "d0.loss_bbox": 3.520491045117378, "d0.loss_iou": 2.1048702108860016, "d1.loss_cls": 0.3911077587399632, "d1.loss_bbox": 3.5200873506069184, "d1.loss_iou": 2.0698943984508515, "d2.loss_cls": 0.6576413900591433, "d2.loss_bbox": 3.4863278388977053, "d2.loss_iou": 2.0679883754253385, "d3.loss_cls": 1.46203089652583, "d3.loss_bbox": 3.470263219475746, "d3.loss_iou": 2.0735087263584138, "d4.loss_cls": 1.8463907399773598, "d4.loss_bbox": 3.4722920441627503, "d4.loss_iou": 2.069687861204147, "enc_loss_cls": 0.19327786272508093, "enc_loss_bbox": 3.480974412560463, "enc_loss_iou": 2.0745249140262603, "dn_loss_cls": 0.3475628086924553, "dn_loss_bbox": 1.6670493353903293, "dn_loss_iou": 1.3019728827476502, "d0.dn_loss_cls": 0.3684363615512848, "d0.dn_loss_bbox": 1.6668656474351884, "d0.dn_loss_iou": 1.3007171368598938, "d1.dn_loss_cls": 0.3592248696088791, "d1.dn_loss_bbox": 1.6668649120628833, "d1.dn_loss_iou": 1.3009001564979554, "d2.dn_loss_cls": 0.3505175369977951, "d2.dn_loss_bbox": 1.6668457347154617, "d2.dn_loss_iou": 1.3007692170143128, "d3.dn_loss_cls": 0.36779496461153033, "d3.dn_loss_bbox": 1.6668655899167062, "d3.dn_loss_iou": 1.3009628438949585, "d4.dn_loss_cls": 0.36340093463659284, "d4.dn_loss_bbox": 1.666966907083988, "d4.dn_loss_iou": 1.3014865493774415, "loss_rpn_cls": 2.9980651366710664, "loss_rpn_bbox": 0.3077314390800893, "loss_cls0": 3.391903772354126, "acc0": 97.8515625, "loss_bbox0": 1.2252420346066355, "loss_cls1": 14.56936782836914, "loss_bbox1": 11.758513593673706, "loss_centerness1": 7.6629520034790035, "loss_cls_aux0": 1.6509572899341582, "loss_bbox_aux0": 0.9613964919326827, "loss_iou_aux0": 0.5713679859787226, "d0.loss_cls_aux0": 1.2527653826773166, "d0.loss_bbox_aux0": 0.9422655383701204, "d0.loss_iou_aux0": 0.5201932148355991, "d1.loss_cls_aux0": 1.3787592374533415, "d1.loss_bbox_aux0": 0.945793578926241, "d1.loss_iou_aux0": 0.5306345582008362, "d2.loss_cls_aux0": 1.5222607159614563, "d2.loss_bbox_aux0": 0.9494527377071791, "d2.loss_iou_aux0": 0.5406305113062263, "d3.loss_cls_aux0": 1.739790092110634, "d3.loss_bbox_aux0": 0.953481481007766, "d3.loss_iou_aux0": 0.5511102293804288, "d4.loss_cls_aux0": 1.7704707288742065, "d4.loss_bbox_aux0": 0.9574241142231039, "d4.loss_iou_aux0": 0.5610456362366676, "loss_cls_aux1": 0.6316702555865049, "loss_bbox_aux1": 1.3262642914056777, "loss_iou_aux1": 0.9936908626556397, "d0.loss_cls_aux1": 0.4356167630106211, "d0.loss_bbox_aux1": 1.3273013934493065, "d0.loss_iou_aux1": 0.9947462177276611, "d1.loss_cls_aux1": 0.4891505994647741, "d1.loss_bbox_aux1": 1.3269844251871108, "d1.loss_iou_aux1": 0.9941913998126983, "d2.loss_cls_aux1": 0.5424828390777111, "d2.loss_bbox_aux1": 1.326783077120781, "d2.loss_iou_aux1": 0.9937935626506805, "d3.loss_cls_aux1": 0.6319143130630255, "d3.loss_bbox_aux1": 1.3264046308398247, "d3.loss_iou_aux1": 0.993613395690918, "d4.loss_cls_aux1": 0.6514412703365088, "d4.loss_bbox_aux1": 1.3264342617988587, "d4.loss_iou_aux1": 0.9936750328540802, "time": 2.6034095430374147, "epoch": 1, "iter": 50, "memory": 24456, "step": 50}
