{"base_lr": 2e-05, "lr": 2.0000000000000003e-06, "data_time": 0.06876784324645996, "grad_norm": 13.550348720550538, "loss": 2.3951414811611174, "loss_rpn_cls": 0.3996825784444809, "loss_rpn_bbox": 0.04317430853843689, "s0.loss_cls": 1.1274811878800393, "s0.acc": 94.873046875, "s0.loss_bbox": 0.10069054305553436, "s1.loss_cls": 0.46393938653171063, "s1.acc": 97.8271484375, "s1.loss_bbox": 0.029419934032484888, "s2.loss_cls": 0.22674883875995874, "s2.acc": 98.92578125, "s2.loss_bbox": 0.0040047129837330435, "time": 2.132520136833191, "epoch": 1, "iter": 50, "memory": 26870, "step": 50}
{"base_lr": 2e-05, "lr": 2.0000000000000003e-06, "data_time": 0.05282649993896484, "grad_norm": 3.3219358086586, "loss": 0.7312919610738754, "loss_rpn_cls": 0.12075368948280811, "loss_rpn_bbox": 0.038262206688523294, "s0.loss_cls": 0.2853501510620117, "s0.acc": 93.05419921875, "s0.loss_bbox": 0.13652017667889596, "s1.loss_cls": 0.07936487220227718, "s1.acc": 96.74072265625, "s1.loss_bbox": 0.040444262363016605, "s2.loss_cls": 0.024856716990470887, "s2.acc": 98.4375, "s2.loss_bbox": 0.005739881126210093, "time": 2.086322660446167, "epoch": 1, "iter": 100, "memory": 24801, "step": 100}
{"base_lr": 2e-05, "lr": 2.0000000000000003e-06, "data_time": 0.04845549583435058, "grad_norm": 3.241900613307953, "loss": 0.759363471865654, "loss_rpn_cls": 0.1028522664308548, "loss_rpn_bbox": 0.04219453979283571, "s0.loss_cls": 0.2932149064540863, "s0.acc": 93.42041015625, "s0.loss_bbox": 0.1603652462363243, "s1.loss_cls": 0.08136551506817341, "s1.acc": 96.78955078125, "s1.loss_bbox": 0.04811502192169428, "s2.loss_cls": 0.024331301748752594, "s2.acc": 98.291015625, "s2.loss_bbox": 0.006924663372337818, "time": 2.0797222518920897, "epoch": 1, "iter": 150, "memory": 24801, "step": 150}
{"base_lr": 2e-05, "lr": 2.0000000000000003e-06, "data_time": 0.04918217658996582, "grad_norm": 3.4014640927314757, "loss": 0.8130667543411255, "loss_rpn_cls": 0.09014431834220886, "loss_rpn_bbox": 0.04356037445366383, "s0.loss_cls": 0.31287302285432816, "s0.acc": 93.1396484375, "s0.loss_bbox": 0.18468317106366158, "s1.loss_cls": 0.08779406495392322, "s1.acc": 96.37451171875, "s1.loss_bbox": 0.06030313216149807, "s2.loss_cls": 0.025228494107723237, "s2.acc": 98.15673828125, "s2.loss_bbox": 0.008480169475078583, "time": 2.0943318462371825, "epoch": 1, "iter": 200, "memory": 24801, "step": 200}
{"coco/General trash_precision": 0.018, "coco/Paper_precision": 0.036, "coco/Paper pack_precision": 0.025, "coco/Metal_precision": 0.034, "coco/Glass_precision": 0.007, "coco/Plastic_precision": 0.018, "coco/Styrofoam_precision": 0.029, "coco/Plastic bag_precision": 0.082, "coco/Battery_precision": 0.0, "coco/Clothing_precision": 0.0, "coco/bbox_mAP": 0.025, "coco/bbox_mAP_50": 0.077, "coco/bbox_mAP_75": 0.009, "coco/bbox_mAP_s": 0.0, "coco/bbox_mAP_m": 0.0, "coco/bbox_mAP_l": 0.031, "data_time": 0.009530532603361168, "time": 0.20122439618013344, "step": 1}
{"base_lr": 2e-05, "lr": 2.0000000000000003e-06, "data_time": 0.0649345064163208, "grad_norm": 3.975361771583557, "loss": 0.75819979429245, "loss_rpn_cls": 0.07088680855929852, "loss_rpn_bbox": 0.036270977612584826, "s0.loss_cls": 0.2756626534461975, "s0.acc": 95.6787109375, "s0.loss_bbox": 0.16657518409192562, "s1.loss_cls": 0.09001137562096119, "s1.acc": 96.52099609375, "s1.loss_bbox": 0.07704979442059993, "s2.loss_cls": 0.026636720690876244, "s2.acc": 98.2177734375, "s2.loss_bbox": 0.015106276860460639, "time": 2.1168214511871337, "epoch": 2, "iter": 295, "memory": 24801, "step": 295}
{"base_lr": 2e-05, "lr": 2.0000000000000003e-06, "data_time": 0.047604703903198244, "grad_norm": 4.35396481513977, "loss": 0.8100772988796234, "loss_rpn_cls": 0.07571848154067994, "loss_rpn_bbox": 0.039443174302577974, "s0.loss_cls": 0.29026013940572737, "s0.acc": 93.505859375, "s0.loss_bbox": 0.17062167331576347, "s1.loss_cls": 0.10006854593753815, "s1.acc": 95.5078125, "s1.loss_bbox": 0.08405099973082543, "s2.loss_cls": 0.031053651496767996, "s2.acc": 97.44873046875, "s2.loss_bbox": 0.018860638346523045, "time": 2.0895881271362304, "epoch": 2, "iter": 345, "memory": 24801, "step": 345}
{"base_lr": 2e-05, "lr": 2.0000000000000003e-06, "data_time": 0.04805638313293457, "grad_norm": 4.172534713745117, "loss": 0.7734919631481171, "loss_rpn_cls": 0.06398802071809769, "loss_rpn_bbox": 0.038042928632348774, "s0.loss_cls": 0.2646395123004913, "s0.acc": 93.64013671875, "s0.loss_bbox": 0.15991514936089515, "s1.loss_cls": 0.09872535869479179, "s1.acc": 95.1416015625, "s1.loss_bbox": 0.09125507950782775, "s2.loss_cls": 0.03251792922616005, "s2.acc": 96.875, "s2.loss_bbox": 0.0244079801812768, "time": 2.1228767442703247, "epoch": 2, "iter": 395, "memory": 24801, "step": 395}
{"base_lr": 2e-05, "lr": 2.0000000000000003e-06, "data_time": 0.04827775001525879, "grad_norm": 4.091172819137573, "loss": 0.8118210709095002, "loss_rpn_cls": 0.06907823629677295, "loss_rpn_bbox": 0.03743659947067499, "s0.loss_cls": 0.27747175097465515, "s0.acc": 90.61279296875, "s0.loss_bbox": 0.16288468345999718, "s1.loss_cls": 0.10501222312450409, "s1.acc": 93.64013671875, "s1.loss_bbox": 0.09392261326313019, "s2.loss_cls": 0.036634068973362445, "s2.acc": 95.6298828125, "s2.loss_bbox": 0.029380897544324398, "time": 2.097318911552429, "epoch": 2, "iter": 445, "memory": 24801, "step": 445}
{"coco/General trash_precision": 0.042, "coco/Paper_precision": 0.068, "coco/Paper pack_precision": 0.114, "coco/Metal_precision": 0.09, "coco/Glass_precision": 0.043, "coco/Plastic_precision": 0.074, "coco/Styrofoam_precision": 0.092, "coco/Plastic bag_precision": 0.178, "coco/Battery_precision": 0.0, "coco/Clothing_precision": 0.08, "coco/bbox_mAP": 0.078, "coco/bbox_mAP_50": 0.19, "coco/bbox_mAP_75": 0.048, "coco/bbox_mAP_s": 0.0, "coco/bbox_mAP_m": 0.002, "coco/bbox_mAP_l": 0.096, "data_time": 0.008871422550542568, "time": 0.2032022892944212, "step": 2}
{"base_lr": 2e-05, "lr": 2.0000000000000003e-06, "data_time": 0.06483999729156494, "grad_norm": 4.630209755897522, "loss": 0.8405607545375824, "loss_rpn_cls": 0.0674752376973629, "loss_rpn_bbox": 0.03819683505222202, "s0.loss_cls": 0.2805978199839592, "s0.acc": 93.10302734375, "s0.loss_bbox": 0.16326575227081774, "s1.loss_cls": 0.11038576848804951, "s1.acc": 94.2626953125, "s1.loss_bbox": 0.10252752773463726, "s2.loss_cls": 0.040684908404946325, "s2.acc": 94.873046875, "s2.loss_bbox": 0.03742690037935972, "time": 2.1353884744644165, "epoch": 3, "iter": 540, "memory": 24801, "step": 540}
{"base_lr": 2e-05, "lr": 2.0000000000000003e-06, "data_time": 0.048391413688659665, "grad_norm": 4.154128098487854, "loss": 0.8313161396980285, "loss_rpn_cls": 0.060288108810782434, "loss_rpn_bbox": 0.037267382126301526, "s0.loss_cls": 0.27379915297031404, "s0.acc": 92.83447265625, "s0.loss_bbox": 0.16476165160536765, "s1.loss_cls": 0.10905973225831986, "s1.acc": 94.32373046875, "s1.loss_bbox": 0.1050643739104271, "s2.loss_cls": 0.04120733130723238, "s2.acc": 96.03271484375, "s2.loss_bbox": 0.03986839991062879, "time": 2.1126478862762452, "epoch": 3, "iter": 590, "memory": 24801, "step": 590}
{"base_lr": 2e-05, "lr": 2.0000000000000003e-06, "data_time": 0.049184136390686035, "grad_norm": 4.502033033370972, "loss": 0.8324864494800568, "loss_rpn_cls": 0.06305665217339992, "loss_rpn_bbox": 0.0360753857716918, "s0.loss_cls": 0.2732846635580063, "s0.acc": 92.0166015625, "s0.loss_bbox": 0.1601976566016674, "s1.loss_cls": 0.10958890780806542, "s1.acc": 93.00537109375, "s1.loss_bbox": 0.10616448476910591, "s2.loss_cls": 0.042232739478349685, "s2.acc": 94.29931640625, "s2.loss_bbox": 0.04188595965504646, "time": 2.122167682647705, "epoch": 3, "iter": 640, "memory": 24801, "step": 640}
{"base_lr": 2e-05, "lr": 2.0000000000000003e-06, "data_time": 0.04889739036560058, "grad_norm": 4.396340928077698, "loss": 0.8110367584228516, "loss_rpn_cls": 0.05732393264770508, "loss_rpn_bbox": 0.03356749858707189, "s0.loss_cls": 0.2644502031803131, "s0.acc": 94.1162109375, "s0.loss_bbox": 0.15382898837327957,