{"base_lr": 0.0002, "lr": 0.0002, "data_time": 0.013728117942810059, "grad_norm": 51.83034212112427, "loss": 79.72657524108887, "loss_cls": 0.3929057228565216, "loss_bbox": 3.0207630681991575, "loss_iou": 2.2320500016212463, "d0.loss_cls": 0.4803164467215538, "d0.loss_bbox": 4.7718247079849245, "d0.loss_iou": 3.524752118587494, "d1.loss_cls": 0.5130832356214523, "d1.loss_bbox": 4.73407208442688, "d1.loss_iou": 3.481308088302612, "d2.loss_cls": 0.541278515458107, "d2.loss_bbox": 4.696121146678925, "d2.loss_iou": 3.4516264355182646, "d3.loss_cls": 0.5618553900718689, "d3.loss_bbox": 4.666305828094482, "d3.loss_iou": 3.431100877523422, "d4.loss_cls": 0.5917039708793164, "d4.loss_bbox": 4.6560996150970455, "d4.loss_iou": 3.41499724984169, "enc_loss_cls": 0.4394534179568291, "enc_loss_bbox": 4.713010330200195, "enc_loss_iou": 3.529541869163513, "dn_loss_cls": 0.7282014679908753, "dn_loss_bbox": 1.6336381089687348, "dn_loss_iou": 1.3596125388145446, "d0.dn_loss_cls": 0.7301105451583862, "d0.dn_loss_bbox": 1.4877300918102265, "d0.dn_loss_iou": 1.342952060699463, "d1.dn_loss_cls": 0.731497836112976, "d1.dn_loss_bbox": 1.5166882145404816, "d1.dn_loss_iou": 1.3432719707489014, "d2.dn_loss_cls": 0.7268518555164337, "d2.dn_loss_bbox": 1.5552674901485444, "d2.dn_loss_iou": 1.3490338706970215, "d3.dn_loss_cls": 0.7276909101009369, "d3.dn_loss_bbox": 1.5934430384635925, "d3.dn_loss_iou": 1.3546385812759398, "d4.dn_loss_cls": 0.725582320690155, "d4.dn_loss_bbox": 1.6186934232711792, "d4.dn_loss_iou": 1.357501974105835, "time": 0.7035918760299683, "epoch": 1, "iter": 50, "memory": 7999, "step": 50}
