{"base_lr": 9.999999999999996e-06, "lr": 9.999999999999997e-07, "data_time": 0.017281937599182128, "grad_norm": 432.2612338256836, "loss": 34.46417886734009, "loss_cls": 0.43786598536651583, "loss_bbox": 0.13312309225089847, "loss_iou": 0.18762274412438273, "d0.loss_cls": 0.39170155018568037, "d0.loss_bbox": 0.2188672904856503, "d0.loss_iou": 0.26651844983920453, "d1.loss_cls": 0.40833722040988507, "d1.loss_bbox": 0.1727526607364416, "d1.loss_iou": 0.21251636285334827, "d2.loss_cls": 0.41063901194836944, "d2.loss_bbox": 0.16165838602930307, "d2.loss_iou": 0.20128129282966256, "d3.loss_cls": 0.40861203243024646, "d3.loss_bbox": 0.15148986686952412, "d3.loss_iou": 0.2015059220418334, "d4.loss_cls": 0.41872488395310936, "d4.loss_bbox": 0.14948736035265028, "d4.loss_iou": 0.19776688462123274, "enc_loss_cls": 0.6011807790398598, "enc_loss_bbox": 0.27301411889493465, "enc_loss_iou": 0.35902362674474714, "dn_loss_cls": 0.0750322134536691, "dn_loss_bbox": 0.2715825554449111, "dn_loss_iou": 0.2886079417541623, "d0.dn_loss_cls": 0.09970562987029552, "d0.dn_loss_bbox": 0.39398803003132343, "d0.dn_loss_iou": 0.41806728303432467, "d1.dn_loss_cls": 0.07747537571936845, "d1.dn_loss_bbox": 0.3023868446238339, "d1.dn_loss_iou": 0.31417048327624797, "d2.dn_loss_cls": 0.06912262506783008, "d2.dn_loss_bbox": 0.2880510882101953, "d2.dn_loss_iou": 0.2997805742546916, "d3.dn_loss_cls": 0.07180686811218039, "d3.dn_loss_bbox": 0.27346248034387827, "d3.dn_loss_iou": 0.2905776442028582, "d4.dn_loss_cls": 0.07162647094577551, "d4.dn_loss_bbox": 0.27155668526887894, "d4.dn_loss_iou": 0.2885800627805293, "loss_rpn_cls": 0.07104207577300257, "loss_rpn_bbox": 0.1017203116719611, "loss_cls0": 1.8102783159911633, "acc0": 84.375, "loss_bbox0": 1.9201865321397782, "loss_cls1": 2.7752324396371844, "loss_bbox1": 3.2437425374984743, "loss_centerness1": 7.165028009414673, "loss_cls_aux0": 0.21031624666647986, "loss_bbox_aux0": 0.16803183293901383, "loss_iou_aux0": 0.19785374198108913, "d0.loss_cls_aux0": 0.16934236876666545, "d0.loss_bbox_aux0": 0.24460532754659653, "d0.loss_iou_aux0": 0.2784430751204491, "d1.loss_cls_aux0": 0.18365580329671502, "d1.loss_bbox_aux0": 0.1787609658576548, "d1.loss_iou_aux0": 0.20736384831368923, "d2.loss_cls_aux0": 0.19088758082361892, "d2.loss_bbox_aux0": 0.17156808327883483, "d2.loss_iou_aux0": 0.20114483386278154, "d3.loss_cls_aux0": 0.20486939253052697, "d3.loss_bbox_aux0": 0.1680305680632591, "d3.loss_iou_aux0": 0.19835616383701563, "d4.loss_cls_aux0": 0.21204438495100475, "d4.loss_bbox_aux0": 0.16801822816953063, "d4.loss_iou_aux0": 0.19784307988360525, "loss_cls_aux1": 0.21823213318595663, "loss_bbox_aux1": 0.17561279598623514, "loss_iou_aux1": 0.20927661325782537, "d0.loss_cls_aux1": 0.17424434430897237, "d0.loss_bbox_aux1": 0.24905877962708473, "d0.loss_iou_aux1": 0.2965793788433075, "d1.loss_cls_aux1": 0.18715970505960286, "d1.loss_bbox_aux1": 0.18189087687060237, "d1.loss_iou_aux1": 0.22075380343943835, "d2.loss_cls_aux1": 0.19538639429491014, "d2.loss_bbox_aux1": 0.17684268852695822, "d2.loss_iou_aux1": 0.2126361414603889, "d3.loss_cls_aux1": 0.20885039166663774, "d3.loss_bbox_aux1": 0.17601637688465416, "d3.loss_iou_aux1": 0.21007346777245403, "d4.loss_cls_aux1": 0.21904633078956975, "d4.loss_bbox_aux1": 0.17560843075625598, "d4.loss_iou_aux1": 0.20927421940490604, "time": 2.6248177003860476, "epoch": 13, "iter": 46922, "memory": 24449, "step": 46922}
{"base_lr": 1.999999999999999e-05, "lr": 2.0000000000000008e-06, "data_time": 0.014958024024963379, "grad_norm": 395.91773895263674, "loss": 36.44157661437988, "loss_cls": 0.3762252351618372, "loss_bbox": 0.1702055887132883, "loss_iou": 0.23527212226763367, "d0.loss_cls": 0.4179503795132041, "d0.loss_bbox": 0.22265417700633405, "d0.loss_iou": 0.331299846842885, "d1.loss_cls": 0.4422383757773787, "d1.loss_bbox": 0.1716935603134334, "d1.loss_iou": 0.24927204387262464, "d2.loss_cls": 0.43233537034597247, "d2.loss_bbox": 0.1687529014609754, "d2.loss_iou": 0.23425927169620991, "d3.loss_cls": 0.38952989121433346, "d3.loss_bbox": 0.1698124259710312, "d3.loss_iou": 0.23591162580996752, "d4.loss_cls": 0.3803642765269615, "d4.loss_bbox": 0.17039007365703582, "d4.loss_iou": 0.23714348966255783, "enc_loss_cls": 0.6014943714439869, "enc_loss_bbox": 0.3420232475921512, "enc_loss_iou": 0.461214906424284, "dn_loss_cls": 0.07109043445205315, "dn_loss_bbox": 0.2574038792029023, "dn_loss_iou": 0.3022064853459597, "d0.dn_loss_cls": 0.10315344717353582, "d0.dn_loss_bbox": 0.40811814963817594, "d0.dn_loss_iou": 0.4785281911492348, "d1.dn_loss_cls": 0.07756971613503992, "d1.dn_loss_bbox": 0.29544832810759547, "d1.dn_loss_iou": 0.33922432236373423, "d2.dn_loss_cls": 0.07126863180659711, "d2.dn_loss_bbox": 0.2681628219224513, "d2.dn_loss_iou": 0.31734694734215735, "d3.dn_loss_cls": 0.06989296377170831, "d3.dn_loss_bbox": 0.25895847495645286, "d3.dn_loss_iou": 0.3037995519116521, "d4.dn_loss_cls": 0.0707643297384493, "d4.dn_loss_bbox": 0.25731897111982105, "d4.dn_loss_iou": 0.3021334283798933, "loss_rpn_cls": 0.06424342068785335, "loss_rpn_bbox": 0.09174928118009121, "loss_cls0": 2.354197599515319, "acc0": 84.1796875, "loss_bbox0": 2.3980875712633134, "loss_cls1": 2.9734543615579607, "loss_bbox1": 3.8048572897911073, "loss_centerness1": 7.194847316741943, "loss_cls_aux0": 0.16041429657256231, "loss_bbox_aux0": 0.15920441657304762, "loss_iou_aux0": 0.19417377714067696, "d0.loss_cls_aux0": 0.16807553147897125, "d0.loss_bbox_aux0": 0.25345038939267395, "d0.loss_iou_aux0": 0.29354693576693536, "d1.loss_cls_aux0": 0.16643864766694605, "d1.loss_bbox_aux0": 0.1715558886155486, "d1.loss_iou_aux0": 0.2108796923980117, "d2.loss_cls_aux0": 0.14938544621691108, "d2.loss_bbox_aux0": 0.16216482408344746, "d2.loss_iou_aux0": 0.20145804319530725, "d3.loss_cls_aux0": 0.15053028539055957, "d3.loss_bbox_aux0": 0.160096026789397, "d3.loss_iou_aux0": 0.19512105129659177, "d4.loss_cls_aux0": 0.1516419456107542, "d4.loss_bbox_aux0": 0.1591950697824359, "d4.loss_iou_aux0": 0.19414933186024427, "loss_cls_aux1": 0.1567846180172637, "loss_bbox_aux1": 0.15987255549058318, "loss_iou_aux1": 0.23393632801249623, "d0.loss_cls_aux1": 0.15874585028737784, "d0.loss_bbox_aux1": 0.2830533528327942, "d0.loss_iou_aux1": 0.3523074156045914, "d1.loss_cls_aux1": 0.16050530422944576, "d1.loss_bbox_aux1": 0.18021519362926483, "d1.loss_iou_aux1": 0.25216010559350255, "d2.loss_cls_aux1": 0.14200703649083152, "d2.loss_bbox_aux1": 0.16241437004879117, "d2.loss_iou_aux1": 0.2413610622100532, "d3.loss_cls_aux1": 0.1463181490637362, "d3.loss_bbox_aux1": 0.16049548652023077, "d3.loss_iou_aux1": 0.23500855108723046, "d4.loss_cls_aux1": 0.1472436307836324, "d4.loss_bbox_aux1": 0.15985650705173612, "d4.loss_iou_aux1": 0.23394008949398995, "time": 2.5896692848205567, "epoch": 13, "iter": 46972, "memory": 24449, "step": 46972}
{"base_lr": 2.9999999999999957e-05, "lr": 2.9999999999999967e-06, "data_time": 0.01537736415863037, "grad_norm": 444.4136358642578, "loss": 38.32098646163941, "loss_cls": 0.4344262477033772, "loss_bbox": 0.1848073367960751, "loss_iou": 0.261557389292866, "d0.loss_cls": 0.41205079646781084, "d0.loss_bbox": 0.2441823409125209, "d0.loss_iou": 0.34699365347623823, "d1.loss_cls": 0.4310629115346819, "d1.loss_bbox": 0.19986214043572545, "d1.loss_iou": 0.2777012112364173, "d2.loss_cls": 0.46741474736947564, "d2.loss_bbox": 0.18142147919163107, "d2.loss_iou": 0.2549325494468212, "d3.loss_cls": 0.4187122372863814, "d3.loss_bbox": 0.18958072695881129, "d3.loss_iou": 0.27009654315188525, "d4.loss_cls": 0.4404895829805173, "d4.loss_bbox": 0.180355367641896, "d4.loss_iou": 0.2644505133666098, "enc_loss_cls": 0.5615011298656464, "enc_loss_bbox": 0.32157649777829644, "enc_loss_iou": 0.4241357327252626, "dn_loss_cls": 0.0905371398862917, "dn_loss_bbox": 0.29085632622241975, "dn_loss_iou": 0.3351138456910849, "d0.dn_loss_cls": 0.1048351738601923, "d0.dn_loss_bbox": 0.4421092526614666, "d0.dn_loss_iou": 0.49589903980493544, "d1.dn_loss_cls": 0.08754277113825083,