{"base_lr": 1e-05, "lr": 1.0000000000000002e-06, "data_time": 0.03277003288269043, "grad_norm": 30.441786403656007, "loss": 3.0520014858245847, "loss_rpn_cls": 0.5091422662138939, "loss_rpn_bbox": 0.053908505132421854, "s0.loss_cls": 1.3792191278934478, "s0.acc": 96.337890625, "s0.loss_bbox": 0.09213676839135587, "s1.loss_cls": 0.6650791784375906, "s1.acc": 98.388671875, "s1.loss_bbox": 0.024656752753071488, "s2.loss_cls": 0.3245467218011618, "s2.acc": 98.974609375, "s2.loss_bbox": 0.003312174046027394, "time": 1.2577802801132203, "epoch": 1, "iter": 50, "memory": 18920, "step": 50}
{"base_lr": 1e-05, "lr": 1.0000000000000002e-06, "data_time": 0.015342335700988769, "grad_norm": 8.153652558326721, "loss": 0.7857641816139221, "loss_rpn_cls": 0.1647412998229265, "loss_rpn_bbox": 0.03948400740511716, "s0.loss_cls": 0.3079901659488678, "s0.acc": 93.896484375, "s0.loss_bbox": 0.11224738024175167, "s1.loss_cls": 0.0908960398286581, "s1.acc": 97.314453125, "s1.loss_bbox": 0.03366059029474854, "s2.loss_cls": 0.03179608132690191, "s2.acc": 98.4375, "s2.loss_bbox": 0.004948614751956484, "time": 1.205035490989685, "epoch": 1, "iter": 100, "memory": 18920, "step": 100}
{"base_lr": 1e-05, "lr": 1.0000000000000002e-06, "data_time": 0.014720978736877442, "grad_norm": 9.01814866065979, "loss": 0.8868995952606201, "loss_rpn_cls": 0.16984068721532822, "loss_rpn_bbox": 0.05637318665161729, "s0.loss_cls": 0.33279437124729155, "s0.acc": 90.576171875, "s0.loss_bbox": 0.14985081054270266, "s1.loss_cls": 0.09662389248609543, "s1.acc": 95.5078125, "s1.loss_bbox": 0.044542835736647246, "s2.loss_cls": 0.031009904053062202, "s2.acc": 97.021484375, "s2.loss_bbox": 0.00586390821961686, "time": 1.2161800050735474, "epoch": 1, "iter": 150, "memory": 18920, "step": 150}
{"base_lr": 1e-05, "lr": 1.0000000000000002e-06, "data_time": 0.014626550674438476, "grad_norm": 9.306198010444641, "loss": 0.7445869889855384, "loss_rpn_cls": 0.13055476069450378, "loss_rpn_bbox": 0.04163357039913535, "s0.loss_cls": 0.2915896421670914, "s0.acc": 93.45703125, "s0.loss_bbox": 0.12578056164085866, "s1.loss_cls": 0.08405147776007653, "s1.acc": 96.97265625, "s1.loss_bbox": 0.039747730027884245, "s2.loss_cls": 0.02561441912315786, "s2.acc": 98.33984375, "s2.loss_bbox": 0.005614826967357658, "time": 1.2084332084655762, "epoch": 1, "iter": 200, "memory": 18920, "step": 200}
{"base_lr": 1e-05, "lr": 1.0000000000000002e-06, "data_time": 0.014958248138427735, "grad_norm": 8.2767084980011, "loss": 0.6919288510084152, "loss_rpn_cls": 0.12201275795698166, "loss_rpn_bbox": 0.03327613828703761, "s0.loss_cls": 0.2665654969215393, "s0.acc": 92.3828125, "s0.loss_bbox": 0.1246896219998598, "s1.loss_cls": 0.07690320994704962, "s1.acc": 95.654296875, "s1.loss_bbox": 0.039225684758275745, "s2.loss_cls": 0.02359840796329081, "s2.acc": 97.509765625, "s2.loss_bbox": 0.00565752165950471, "time": 1.2083258819580078, "epoch": 1, "iter": 250, "memory": 18920, "step": 250}
{"base_lr": 1e-05, "lr": 1.0000000000000002e-06, "data_time": 0.014763731956481934, "grad_norm": 8.037319345474243, "loss": 0.7073747012019157, "loss_rpn_cls": 0.1377884190529585, "loss_rpn_bbox": 0.04760332250036299, "s0.loss_cls": 0.26342582851648333, "s0.acc": 96.58203125, "s0.loss_bbox": 0.12134713169187307, "s1.loss_cls": 0.07381051152944565, "s1.acc": 98.53515625, "s1.loss_bbox": 0.034793050698935984, "s2.loss_cls": 0.02351954432204366, "s2.acc": 99.21875, "s2.loss_bbox": 0.0050868995024939065, "time": 1.2095285606384278, "epoch": 1, "iter": 300, "memory": 18920, "step": 300}
{"base_lr": 1e-05, "lr": 1.0000000000000002e-06, "data_time": 0.015412650108337402, "grad_norm": 8.460631189346314, "loss": 0.6964996924996376, "loss_rpn_cls": 0.12333934716880321, "loss_rpn_bbox": 0.03830622631590813, "s0.loss_cls": 0.26124978318810466, "s0.acc": 98.14453125, "s0.loss_bbox": 0.1331720658019185, "s1.loss_cls": 0.07293658833950759, "s1.acc": 99.12109375, "s1.loss_bbox": 0.03937729615718126, "s2.loss_cls": 0.022583100656047465, "s2.acc": 99.658203125, "s2.loss_bbox": 0.005535295323934406, "time": 1.2120918893814088, "epoch": 1, "iter": 350, "memory": 18920, "step": 350}
{"base_lr": 1e-05, "lr": 1.0000000000000002e-06, "data_time": 0.014757356643676757, "grad_norm": 8.442532935142516, "loss": 0.684645074903965, "loss_rpn_cls": 0.0996519747748971, "loss_rpn_bbox": 0.037294200714677574, "s0.loss_cls": 0.2671146872639656, "s0.acc": 97.412109375, "s0.loss_bbox": 0.13640353851020337, "s1.loss_cls": 0.07440496128052473, "s1.acc": 98.92578125, "s1.loss_bbox": 0.04122695581056177, "s2.loss_cls": 0.022176612727344037, "s2.acc": 99.560546875, "s2.loss_bbox": 0.00637213820406032, "time": 1.2078356313705445, "epoch": 1, "iter": 400, "memory": 18920, "step": 400}
{"base_lr": 1e-05, "lr": 1.0000000000000002e-06, "data_time": 0.01469451904296875, "grad_norm": 10.51281400680542, "loss": 0.7860554933547974, "loss_rpn_cls": 0.11109636075794697, "loss_rpn_bbox": 0.03878600279800594, "s0.loss_cls": 0.3158553034067154, "s0.acc": 90.625, "s0.loss_bbox": 0.15264627002179623, "s1.loss_cls": 0.08763327836990356, "s1.acc": 95.80078125, "s1.loss_bbox": 0.048358104564249514, "s2.loss_cls": 0.02498921881429851, "s2.acc": 98.4375, "s2.loss_bbox": 0.0066909588337875905, "time": 1.2050910091400147, "epoch": 1, "iter": 450, "memory": 18920, "step": 450}
{"base_lr": 1e-05, "lr": 1.0000000000000002e-06, "data_time": 0.014833574295043945, "grad_norm": 7.149540281295776, "loss": 0.6888084995746613, "loss_rpn_cls": 0.0956982521340251, "loss_rpn_bbox": 0.037007992221042514, "s0.loss_cls": 0.26913178220391276, "s0.acc": 87.353515625, "s0.loss_bbox": 0.13947469495236875, "s1.loss_cls": 0.07548017255961895, "s1.acc": 92.87109375, "s1.loss_bbox": 0.044748711287975314, "s2.loss_cls": 0.021047565126791595, "s2.acc": 95.751953125, "s2.loss_bbox": 0.006219333189656027, "time": 1.2063353967666626, "epoch": 1, "iter": 500, "memory": 18920, "step": 500}
{"base_lr": 1e-05, "lr": 1.0000000000000002e-06, "data_time": 0.015178775787353516, "grad_norm": 7.54279260635376, "loss": 0.6319664734601974, "loss_rpn_cls": 0.09902861181646586, "loss_rpn_bbox": 0.03343343126121909, "s0.loss_cls": 0.2443611191213131, "s0.acc": 88.96484375, "s0.loss_bbox": 0.12280527003109455, "s1.loss_cls": 0.06831408027559518, "s1.acc": 95.01953125, "s1.loss_bbox": 0.038271424174308774, "s2.loss_cls": 0.02027676284313202, "s2.acc": 97.802734375, "s2.loss_bbox": 0.005475767622701824, "time": 1.2135398769378662, "epoch": 1, "iter": 550, "memory": 18920, "step": 550}
{"base_lr": 1e-05, "lr": 1.0000000000000002e-06, "data_time": 0.014831409454345704, "grad_norm": 10.365267214775086, "loss": 0.7377237704396248, "loss_rpn_cls": 0.11345832243561745, "loss_rpn_bbox": 0.03984986868686974, "s0.loss_cls": 0.2822105610370636, "s0.acc": 95.703125, "s0.loss_bbox": 0.14684066288173198, "s1.loss_cls": 0.07881271835416555, "s1.acc": 98.2421875, "s1.loss_bbox": 0.04560883866623044, "s2.loss_cls": 0.02351980688981712, "s2.acc": 99.169921875, "s2.loss_bbox": 0.007422988030593842, "time": 1.2106563997268678, "epoch": 1, "iter": 600, "memory": 18920, "step": 600}
{"base_lr": 1e-05, "lr": 1.0000000000000002e-06, "data_time": 0.014942207336425782, "grad_norm": 7.398198013305664, "loss": 0.665898953974247, "loss_rpn_cls": 0.08575836095958948, "loss_rpn_bbox": 0.034080209750682114, "s0.loss_cls": 0.2603952769935131, "s0.acc": 94.189453125, "s0.loss_bbox": 0.14182389862835407, "s1.loss_cls": 0.07170978296548128, "s1.acc": 97.8515625, "s1.loss_bbox": 0.04617962814867496, "s2.loss_cls": 0.01967889741063118, "s2.acc": 98.92578125, "s2.loss_bbox": 0.006272899871109985, "time": 1.2088889932632447, "epoch": 1, "iter": 650, "memory": 18920, "step": 650}
{"base_lr": 1e-05, "lr": 1.0000000000000002e-06, "data_time": 0.014886031150817871, "grad_norm": 9.751962194442749, "loss": 0.7960188576579094, "loss_rpn_cls": 0.1129004291817546, "loss_rpn_bbox": 0.03933999814093113, "s0.loss_cls": 0.3115542072057724, "s0.acc": 91.796875, "s0.loss_bbox": 0.1600728317350149,