{"base_lr": 0.0002, "lr": 2e-05, "data_time": 0.012698612213134765, "grad_norm": 10.252417402267456, "loss": 1.2374946177005768, "loss_rpn_cls": 0.16422914750874043, "loss_rpn_bbox": 0.057367342715151606, "s0.loss_cls": 0.55145568408072, "s0.acc": 98.2421875, "s0.loss_bbox": 0.1563187890742938, "s1.loss_cls": 0.17792092917487026, "s1.acc": 99.51171875, "s1.loss_bbox": 0.048166291778861704, "s2.loss_cls": 0.07535456118173897, "s2.acc": 99.8046875, "s2.loss_bbox": 0.006681853777917013, "time": 1.1951321744918824, "epoch": 1, "iter": 50, "memory": 19569, "step": 50}
