{"base_lr": 0.0002, "lr": 2e-05, "data_time": 0.00921182632446289, "grad_norm": 8.967292494773865, "loss": 1.0877908492088317, "loss_rpn_cls": 0.15857181020081043, "loss_rpn_bbox": 0.04783430627547205, "s0.loss_cls": 0.4792265802621841, "s0.acc": 87.40234375, "s0.loss_bbox": 0.12648895320650808, "s1.loss_cls": 0.16570776415988803, "s1.acc": 95.41015625, "s1.loss_bbox": 0.038344158143554526, "s2.loss_cls": 0.06641574513167142, "s2.acc": 97.65625, "s2.loss_bbox": 0.00520153282728188, "time": 1.1924762725830078, "epoch": 1, "iter": 50, "memory": 19569, "step": 50}
{"base_lr": 0.0002, "lr": 2e-05, "data_time": 0.0072296237945556644, "grad_norm": 9.41697756767273, "loss": 0.9655508771538734, "loss_rpn_cls": 0.0967851916514337, "loss_rpn_bbox": 0.05366815491579473, "s0.loss_cls": 0.41578670173883436, "s0.acc": 85.83984375, "s0.loss_bbox": 0.1908331011235714, "s1.loss_cls": 0.11029560048133134, "s1.acc": 93.5546875, "s1.loss_bbox": 0.058732035234570504, "s2.loss_cls": 0.031345488489605486, "s2.acc": 96.6796875, "s2.loss_bbox": 0.008104598203335627, "time": 1.1602480506896973, "epoch": 1, "iter": 100, "memory": 19569, "step": 100}
{"base_lr": 0.0002, "lr": 2e-05, "data_time": 0.007165431976318359, "grad_norm": 11.751886591911315, "loss": 0.9597665148973465, "loss_rpn_cls": 0.08194168018177152, "loss_rpn_bbox": 0.0590797184035182, "s0.loss_cls": 0.39965556636452676, "s0.acc": 83.69140625, "s0.loss_bbox": 0.1964031960070133, "s1.loss_cls": 0.11121395032852888, "s1.acc": 91.40625, "s1.loss_bbox": 0.06850771460682153, "s2.loss_cls": 0.03137704407330602, "s2.acc": 95.41015625, "s2.loss_bbox": 0.011587630652138614, "time": 1.1617256450653075, "epoch": 1, "iter": 150, "memory": 19568, "step": 150}
{"base_lr": 0.0002, "lr": 2e-05, "data_time": 0.006583657264709473, "grad_norm": 10.03001265525818, "loss": 0.8822354832291603, "loss_rpn_cls": 0.07654593659564853, "loss_rpn_bbox": 0.05940188493113965, "s0.loss_cls": 0.329324454665184, "s0.acc": 95.21484375, "s0.loss_bbox": 0.17782919980585576, "s1.loss_cls": 0.11230757515877485, "s1.acc": 96.09375, "s1.loss_bbox": 0.07860587513074278, "s2.loss_cls": 0.03322269450407475, "s2.acc": 98.73046875, "s2.loss_bbox": 0.01499786517204484, "time": 1.1647144651412964, "epoch": 1, "iter": 200, "memory": 19568, "step": 200}
{"base_lr": 0.0002, "lr": 2e-05, "data_time": 0.006768898963928223, "grad_norm": 7.664539861679077, "loss": 0.8631185582280159, "loss_rpn_cls": 0.05726710852235556, "loss_rpn_bbox": 0.04882336553651839, "s0.loss_cls": 0.31618988707661627, "s0.acc": 94.3359375, "s0.loss_bbox": 0.16688426531851291, "s1.loss_cls": 0.12222995862364769, "s1.acc": 95.5078125, "s1.loss_bbox": 0.09206948541104794, "s2.loss_cls": 0.037358530387282374, "s2.acc": 96.875, "s2.loss_bbox": 0.022295956248417497, "time": 1.1633252668380738, "epoch": 1, "iter": 250, "memory": 19568, "step": 250}
{"base_lr": 0.0002, "lr": 2e-05, "data_time": 0.006844563484191895, "grad_norm": 7.3092273283004765, "loss": 0.8013460373878479, "loss_rpn_cls": 0.05270283866208047, "loss_rpn_bbox": 0.04516240374650806, "s0.loss_cls": 0.28245985209941865, "s0.acc": 97.0703125, "s0.loss_bbox": 0.1408759989589453, "s1.loss_cls": 0.11797260876744986, "s1.acc": 98.14453125, "s1.loss_bbox": 0.08637104113586247, "s2.loss_cls": 0.04556844422593713, "s2.acc": 95.60546875, "s2.loss_bbox": 0.03023284792434424, "time": 1.1630122137069703, "epoch": 1, "iter": 300, "memory": 19568, "step": 300}
{"base_lr": 0.0002, "lr": 2e-05, "data_time": 0.00684779167175293, "grad_norm": 9.498636951446533, "loss": 0.8711214643716813, "loss_rpn_cls": 0.05946959643391892, "loss_rpn_bbox": 0.040355113204568624, "s0.loss_cls": 0.300277561545372, "s0.acc": 90.52734375, "s0.loss_bbox": 0.13900754883885383, "s1.loss_cls": 0.13635571017861367, "s1.acc": 90.4296875, "s1.loss_bbox": 0.0992407750338316, "s2.loss_cls": 0.0568747292086482, "s2.acc": 91.9921875, "s2.loss_bbox": 0.03954042434692383, "time": 1.1625689792633056, "epoch": 1, "iter": 350, "memory": 19568, "step": 350}
{"base_lr": 0.0002, "lr": 2e-05, "data_time": 0.006735644340515137, "grad_norm": 9.305508089065551, "loss": 0.8627362257242203, "loss_rpn_cls": 0.046053939298726615, "loss_rpn_bbox": 0.04219628063030541, "s0.loss_cls": 0.2920063829421997, "s0.acc": 95.41015625, "s0.loss_bbox": 0.14343494519591332, "s1.loss_cls": 0.13437242299318314, "s1.acc": 97.65625, "s1.loss_bbox": 0.10666252166032791, "s2.loss_cls": 0.054188507124781606, "s2.acc": 99.12109375, "s2.loss_bbox": 0.043821234619244934, "time": 1.161761336326599, "epoch": 1, "iter": 400, "memory": 19568, "step": 400}
{"base_lr": 0.0002, "lr": 2e-05, "data_time": 0.006567401885986328, "grad_norm": 26.749893307685852, "loss": 0.816369079053402, "loss_rpn_cls": 0.05529651668621227, "loss_rpn_bbox": 0.04226300548296422, "s0.loss_cls": 0.2730996707081795, "s0.acc": 90.234375, "s0.loss_bbox": 0.13170026931911707, "s1.loss_cls": 0.12165485173463822, "s1.acc": 91.015625, "s1.loss_bbox": 0.10147880457341671, "s2.loss_cls": 0.04922296788543463, "s2.acc": 94.23828125, "s2.loss_bbox": 0.041652980484068396, "time": 1.1619955921173095, "epoch": 1, "iter": 450, "memory": 19569, "step": 450}
