{"base_lr": 9.999999999999996e-06, "lr": 9.999999999999997e-07, "data_time": 0.017584519386291506, "grad_norm": 426.52377166748045, "loss": 39.012330799102784, "loss_cls": 0.4806997709907591, "loss_bbox": 0.16219554979354142, "loss_iou": 0.21458819882944227, "d0.loss_cls": 0.4947930458933115, "d0.loss_bbox": 0.24845154579728843, "d0.loss_iou": 0.30335346043109895, "d1.loss_cls": 0.5367819978669286, "d1.loss_bbox": 0.1813610685057938, "d1.loss_iou": 0.2320504004508257, "d2.loss_cls": 0.5225272152991965, "d2.loss_bbox": 0.16626230496913194, "d2.loss_iou": 0.22032150847837328, "d3.loss_cls": 0.4924837876530364, "d3.loss_bbox": 0.1629713433980942, "d3.loss_iou": 0.21526728242635726, "d4.loss_cls": 0.4806902375398204, "d4.loss_bbox": 0.16297561787068843, "d4.loss_iou": 0.21487967805936933, "enc_loss_cls": 0.6560965079069138, "enc_loss_bbox": 0.3615536225400865, "enc_loss_iou": 0.3899486607313156, "dn_loss_cls": 0.09086385149974376, "dn_loss_bbox": 0.34519952937960624, "dn_loss_iou": 0.3184194157086313, "d0.dn_loss_cls": 0.11562972158193588, "d0.dn_loss_bbox": 0.533972192183137, "d0.dn_loss_iou": 0.4709121814370155, "d1.dn_loss_cls": 0.09538747727870941, "d1.dn_loss_bbox": 0.3992472898960113, "d1.dn_loss_iou": 0.3553371661156416, "d2.dn_loss_cls": 0.08880216441117227, "d2.dn_loss_bbox": 0.36960199497640134, "d2.dn_loss_iou": 0.33502239029854536, "d3.dn_loss_cls": 0.09238038823939859, "d3.dn_loss_bbox": 0.34889549609273673, "d3.dn_loss_iou": 0.3207830911874771, "d4.dn_loss_cls": 0.09148224767297507, "d4.dn_loss_bbox": 0.3452496155723929, "d4.dn_loss_iou": 0.3184257104806602, "loss_rpn_cls": 0.07756197410519235, "loss_rpn_bbox": 0.10826466590631753, "loss_cls0": 2.4702457481622697, "acc0": 99.21875, "loss_bbox0": 2.53286651968956, "loss_cls1": 2.8183553475141525, "loss_bbox1": 3.7760735976696016, "loss_centerness1": 7.175286302566528, "loss_cls_aux0": 0.20957679924089462, "loss_bbox_aux0": 0.20995746580883862, "loss_iou_aux0": 0.19246526817791165, "d0.loss_cls_aux0": 0.1873525753058493, "d0.loss_bbox_aux0": 0.3344760273396969, "d0.loss_iou_aux0": 0.29135481499135496, "d1.loss_cls_aux0": 0.1981091748876497, "d1.loss_bbox_aux0": 0.23038371723145246, "d1.loss_iou_aux0": 0.21238359425216913, "d2.loss_cls_aux0": 0.20588122240733356, "d2.loss_bbox_aux0": 0.21559056639671326, "d2.loss_iou_aux0": 0.19886573502793908, "d3.loss_cls_aux0": 0.20076920047402383, "d3.loss_bbox_aux0": 0.21122174978256225, "d3.loss_iou_aux0": 0.19378094374202193, "d4.loss_cls_aux0": 0.2040731889032759, "d4.loss_bbox_aux0": 0.21002110738307236, "d4.loss_iou_aux0": 0.19251864315010608, "loss_cls_aux1": 0.2054116588481702, "loss_bbox_aux1": 0.22678125232458116, "loss_iou_aux1": 0.2310129588469863, "d0.loss_cls_aux1": 0.18642388300970197, "d0.loss_bbox_aux1": 0.3537406051158905, "d0.loss_iou_aux1": 0.34106363721191885, "d1.loss_cls_aux1": 0.1928772743884474, "d1.loss_bbox_aux1": 0.24835931703448297, "d1.loss_iou_aux1": 0.2537831488251686, "d2.loss_cls_aux1": 0.2003531170077622, "d2.loss_bbox_aux1": 0.23020178318023682, "d2.loss_iou_aux1": 0.23664115669205785, "d3.loss_cls_aux1": 0.19522130640456453, "d3.loss_bbox_aux1": 0.22732566088438033, "d3.loss_iou_aux1": 0.23183511840179563, "d4.loss_cls_aux1": 0.20012171603972093, "d4.loss_bbox_aux1": 0.22683082573115826, "d4.loss_iou_aux1": 0.23104628156870605, "time": 2.6201769399642942, "epoch": 13, "iter": 46922, "memory": 24448, "step": 46922}
